"National.Ranking","Name","Position","Hometown.High.School","Height","Weight","Rating","School","player.id","bball.ref.link"
"1","Josh Langford","SG","Huntsville, ALMadison Academy","6'6''","205","93","Michigan St","josh-langford","https://www.sports-reference.com/cbb/players/josh-langford-1.html"
"2","Austin Wiley","C","Birmingham, ALSpain Park High School","6'9''","250","92","Auburn","austin-wiley","https://www.sports-reference.com/cbb/players/austin-wiley-1.html"
"3","Reggie Todd","SG","Mobile, ALLeFlore Magnet High School","6'4''","180","78","New Mexico St","reggie-todd","https://www.sports-reference.com/cbb/players/reggie-todd-1.html"
"4","E.J. Datcher","C","Vincent, ALVincent High School","6'8''","235","73","Miss. St","ej-datcher","https://www.sports-reference.com/cbb/players/ej-datcher-1.html"
"1","Mitch Lightfoot","PF","Gilbert, AZGilbert Christian High School","6'8''","210","83","Kansas","mitch-lightfoot","https://www.sports-reference.com/cbb/players/mitch-lightfoot-1.html"
"2","Markus Howard","SG","Chandler, AZFindlay College Prep","6'0''","178","82","Marquette","markus-howard","https://www.sports-reference.com/cbb/players/markus-howard-1.html"
"3","Cameron Satterwhite","SG","Gilbert, AZGilbert Christian High School","6'3''","170","75","Loyola-Chicago","cameron-satterwhite","https://www.sports-reference.com/cbb/players/cameron-satterwhite-1.html"
"4","J.J. Rhymes","SG","Phoenix, AZShadow Mountain High School","6'4''","185","75","unknown","jj-rhymes","https://www.sports-reference.com/cbb/players/jj-rhymes-1.html"
"5","Wyatt Lowell","C","Gilbert, AZWilliams Field High School","6'10''","205","73","Utah Valley","wyatt-lowell","https://www.sports-reference.com/cbb/players/wyatt-lowell-1.html"
"6","Elijah Thomas","SF","Peoria, AZSunrise Mountain High School","6'5''","205","73","St Mary's","elijah-thomas","https://www.sports-reference.com/cbb/players/elijah-thomas-1.html"
"7","Klay Stall","PF","Chandler, AZBasha High School","6'9''","225","70","Utah State","klay-stall","https://www.sports-reference.com/cbb/players/klay-stall-1.html"
"8","Brock Gardner","SF","Chandler, AZTri-City Christian Academy","6'7''","210","70","Liberty","brock-gardner","https://www.sports-reference.com/cbb/players/brock-gardner-1.html"
"9","Mike Bibby Jr.","PG","Phoenix, AZShadow Mountain High School","6'3''","175","70","S Florida","mike-bibbyjr","https://www.sports-reference.com/cbb/players/mike-bibbyjr-1.html"
"10","Devin Kirby","PF","Chandler, AZBasha High School","6'9''","195","69","Montana St","devin-kirby","https://www.sports-reference.com/cbb/players/devin-kirby-1.html"
"11","Tim Fuller","PF","Gilbert, AZHighland High School","6'9''","210","63","Weber State","tim-fuller","https://www.sports-reference.com/cbb/players/tim-fuller-1.html"
"12","Chris Bowling","SF","Gilbert, AZGilbert High School","6'6''","165","60","unknown","chris-bowling","https://www.sports-reference.com/cbb/players/chris-bowling-1.html"
"13","Malik Ondigo","PF","El Mirage, AZDysart High School","6'9''","205","60","unknown","malik-ondigo","https://www.sports-reference.com/cbb/players/malik-ondigo-1.html"
"14","Seth Meyers","SF","Phoenix, AZPinnacle High School","6'7''","180","59","unknown","seth-meyers","https://www.sports-reference.com/cbb/players/seth-meyers-1.html"
"15","Bryce Fisher","PG","Chandler, AZPerry High School","6'0''","155","59","unknown","bryce-fisher","https://www.sports-reference.com/cbb/players/bryce-fisher-1.html"
"16","Tyrell Henderson","SG","Tempe, AZCorona Del Sol High School","6'3''","165","59","Portland St","tyrell-henderson","https://www.sports-reference.com/cbb/players/tyrell-henderson-1.html"
"1","Malik Monk","SG","Bentonville, ARBentonville High School","6'3''","185","96","Kentucky","malik-monk","https://www.sports-reference.com/cbb/players/malik-monk-1.html"
"2","Eric Curry","PF","Little Rock, ARSouthwest Christian Academy","6'7''","195","79","Minnesota","eric-curry","https://www.sports-reference.com/cbb/players/eric-curry-1.html"
"3","Mitchell Smith","C","Van Buren, ARVan Buren High School","6'9''","190","79","Missouri","mitchell-smith","https://www.sports-reference.com/cbb/players/mitchell-smith-1.html"
"4","Payton Willis","SG","Fayetteville, ARFayetteville High School","6'3''","165","77","Vanderbilt","payton-willis","https://www.sports-reference.com/cbb/players/payton-willis-1.html"
"5","Andre Jones","SF","Little Rock, ARMalvern High School","6'4''","185","74","Little Rock","andre-jones","https://www.sports-reference.com/cbb/players/andre-jones-1.html"
"1","Lonzo Ball","PG","Chino Hills, CAChino Hills High School","6'5''","195","96","UCLA","lonzo-ball","https://www.sports-reference.com/cbb/players/lonzo-ball-1.html"
"2","T.J. Leaf","PF","El Cajon, CAFoothills Christian High School","6'9''","215","94","UCLA","tj-leaf","https://www.sports-reference.com/cbb/players/tj-leaf-1.html"
"3","Ike Anigbogu","C","Corona, CACentennial High School","6'9''","220","84","UCLA","ike-anigbogu","https://www.sports-reference.com/cbb/players/ike-anigbogu-1.html"
"4","Vance Jackson","SF","Napa, CAProlific Prep","6'8''","215","82","UConn","vance-jackson","https://www.sports-reference.com/cbb/players/vance-jackson-1.html"
"5","Jonah Mathews","SG","Santa Monica, CASanta Monica High School","6'1''","175","82","USC","jonah-mathews","https://www.sports-reference.com/cbb/players/jonah-mathews-1.html"
"6","Ryan Murphy","PG","Calabasas, CACalabasas High School","6'2''","185","69","Charlotte","ryan-murphy","https://www.sports-reference.com/cbb/players/ryan-murphy-1.html"
"7","Jayce Johnson","C","Dana Point, CASanta Monica High School","6'11''","250","81","Utah","jayce-johnson","https://www.sports-reference.com/cbb/players/jayce-johnson-1.html"
"8","Bryce Peters","SG","Long Beach, CADamien High School","6'4''","190","80","Colorado","bryce-peters","https://www.sports-reference.com/cbb/players/bryce-peters-1.html"
"9","De'Anthony Melton","SG","Encino, CACrespi Carmelite High School","6'4''","180","80","USC","deanthony-melton","https://www.sports-reference.com/cbb/players/deanthony-melton-1.html"
"10","Eyassu Worku","PG","Los Alamitos, CALos Alamitos High School","6'2''","165","80","UC Irvine","eyassu-worku","https://www.sports-reference.com/cbb/players/eyassu-worku-1.html"
"11","Milan Acquaah","PG","Los Angeles, CACathedral High School","6'2''","195","79","Washington St","milan-acquaah","https://www.sports-reference.com/cbb/players/milan-acquaah-1.html"
"12","Jordan Ford","PG","Folsom, CAFolsom High School","6'1''","155","79","St Mary's","jordan-ford","https://www.sports-reference.com/cbb/players/jordan-ford-1.html"
"13","Michael Cage Jr.","C","Santa Ana, CAMater Dei High School","6'10''","225","77","Oregon","michael-cagejr","https://www.sports-reference.com/cbb/players/michael-cagejr-1.html"
"14","Trevor Stanback","C","West Hills, CAMaranatha High School","6'9''","215","77","Stanford","trevor-stanback","https://www.sports-reference.com/cbb/players/trevor-stanback-1.html"
"15","Jordan Griffin","SG","Corona, CACentennial High School","6'3''","170","77","Long Beach St","jordan-griffin","https://www.sports-reference.com/cbb/players/jordan-griffin-1.html"
"16","Ben Kone'","C","San Jose, CAArchbishop Mitty High School","6'9''","240","77","Oregon St","ben-kone","https://www.sports-reference.com/cbb/players/ben-kone-1.html"
"17","Colin Slater","PG","Fresno, CAClovis East High School","6'0''","170","75","Tulane","colin-slater","https://www.sports-reference.com/cbb/players/colin-slater-1.html"
"18","Jordan Ratinho","SG","Concord, CADe La Salle High School","6'5''","175","75","San Francisco","jordan-ratinho","https://www.sports-reference.com/cbb/players/jordan-ratinho-1.html"
"19","Kobe Paras","SF","Los Angeles, CAMiddlebrooks Academy","6'5''","190","74","Creighton","kobe-paras","https://www.sports-reference.com/cbb/players/kobe-paras-1.html"
"20","Keith Fisher","PF","Los Angeles, CAWestchester High School","6'7''","210","74","San José St","keith-fisher","https://www.sports-reference.com/cbb/players/keith-fisher-1.html"
"21","Evan Leonard","PG","Cerritos, CACerritos High School","6'1''","170","73","UC Irvine","evan-leonard","https://www.sports-reference.com/cbb/players/evan-leonard-1.html"
"22","Daron Henson","PF","Los Angeles, CACathedral High School","6'7''","190","73","Utah State","daron-henson","https://www.sports-reference.com/cbb/players/daron-henson-1.html"
"23","Devearl Ramsey","PG","Chatsworth, CASierra Canyon High School","5'10''","170","73","Nevada","devearl-ramsey","https://www.sports-reference.com/cbb/players/devearl-ramsey-1.html"
"24","Robinson Idehen","C","Modesto, CAModesto Christian High School","6'9''","210","72","unknown","robinson-idehen","https://www.sports-reference.com/cbb/players/robinson-idehen-1.html"
"25","Tommy Rutherford","C","San Diego, CAGrossmont High School","6'8''","220","72","UC Irvine","tommy-rutherford","https://www.sports-reference.com/cbb/players/tommy-rutherford-1.html"
"26","Vittorio Reynoso-Avila","SF","La Mirada, CALa Mirada High School","6'5''","185","71","Princeton","vittorio-reynoso-avila","https://www.sports-reference.com/cbb/players/vittorio-reynoso-avila-1.html"
"27","Irshad Hunte","PF","San Juan Capistrano, CAValley Christian Academy","6'7''","200","70","unknown","irshad-hunte","https://www.sports-reference.com/cbb/players/irshad-hunte-1.html"
"28","Tim Harrison","PF","El Cajon, CAFrancis Parker High School","6'7''","170","70","Rice","tim-harrison","https://www.sports-reference.com/cbb/players/tim-harrison-1.html"
"29","Henry Welsh","C","Los Angeles, CALoyola High School","6'9''","230","70","Harvard","henry-welsh","https://www.sports-reference.com/cbb/players/henry-welsh-1.html"
"30","Drew Buggs","PG","Long Beach, CALong Beach Polytechnic High School","6'2''","175","70","Hawai'i","drew-buggs","https://www.sports-reference.com/cbb/players/drew-buggs-1.html"
"31","Shacquille Dawkins","PG","Mission Hills, CABishop Alemany High School","5'8''","155","70","unknown","shacquille-dawkins","https://www.sports-reference.com/cbb/players/shacquille-dawkins-1.html"
"32","Leland Green","SG","Redondo Beach, CARedondo Union High School","6'1''","185","70","unknown","leland-green","https://www.sports-reference.com/cbb/players/leland-green-1.html"
"33","Javonntie Jackson","SF","Compton, CACompton High School","6'6''","180","70","Long Beach St","javonntie-jackson","https://www.sports-reference.com/cbb/players/javonntie-jackson-1.html"
"34","Roman Silva","C","Diamond Bar, CADiamond Ranch High School","6'11''","215","70","unknown","roman-silva","https://www.sports-reference.com/cbb/players/roman-silva-1.html"
"35","Peter Hewitt","PF","Mountain View, CASaint Francis High School","6'9''","215","69","UC Davis","peter-hewitt","https://www.sports-reference.com/cbb/players/peter-hewitt-1.html"
"36","Jacob Davison","SG","Montebello, CACantwell Sacred Heart Of Mary High School","6'4''","175","69","E Washington","jacob-davison","https://www.sports-reference.com/cbb/players/jacob-davison-1.html"
"37","Mubashar Ali","C","Playa Del Rey, CASt. Bernard High School","6'9''","210","69","unknown","mubashar-ali","https://www.sports-reference.com/cbb/players/mubashar-ali-1.html"
"38","Oscar Frayer","SF","Hayward, CAMoreau Catholic High School","6'6''","200","69","Grand Canyon","oscar-frayer","https://www.sports-reference.com/cbb/players/oscar-frayer-1.html"
"39","Ian Carter","PF","La Mirada, CALa Mirada High School","6'6''","175","69","Dartmouth","ian-carter","https://www.sports-reference.com/cbb/players/ian-carter-1.html"
"40","Solomon Young","PF","Sacramento, CASacramento High School","6'6''","215","69","Iowa State","solomon-young","https://www.sports-reference.com/cbb/players/solomon-young-1.html"
"41","Johnny McWilliams","SG","San Marcos, CASan Marcos High School","6'4''","175","69","Fresno St","johnny-mcwilliams","https://www.sports-reference.com/cbb/players/johnny-mcwilliams-1.html"
"42","Eric Monroe","PG","San Diego, CASaint Augustine High School","6'2''","170","69","Yale","eric-monroe","https://www.sports-reference.com/cbb/players/eric-monroe-1.html"
"43","Donald Gipson","SF","Los Angeles, CAFairfax High School","6'4''","180","69","Loyola Mary","donald-gipson","https://www.sports-reference.com/cbb/players/donald-gipson-1.html"
"44","Sayeed Pridgett","SG","Oakland, CAEl Cerrito High School","6'4''","180","69","Montana","sayeed-pridgett","https://www.sports-reference.com/cbb/players/sayeed-pridgett-1.html"
"45","Lucas Siewert","C","Los Angeles, CACathedral High School","6'9''","220","69","Colorado","lucas-siewert","https://www.sports-reference.com/cbb/players/lucas-siewert-1.html"
"46","Isaiah White","SF","La Verne, CADamien High School","6'6''","180","69","unknown","isaiah-white","https://www.sports-reference.com/cbb/players/isaiah-white-1.html"
"47","Donovan Mitchell","PF","Fresno, CABuchanan High School","6'7''","185","68","Wake Forest","donovan-mitchell","https://www.sports-reference.com/cbb/players/donovan-mitchell-1.html"
"48","Bryson Williams","PF","Fresno, CARoosevelt High School","6'6''","180","68","Fresno St","bryson-williams","https://www.sports-reference.com/cbb/players/bryson-williams-1.html"
"49","Morgan Means","SG","Torrance, CARedondo Union High School","6'2''","165","68","Seattle","morgan-means","https://www.sports-reference.com/cbb/players/morgan-means-1.html"
"1","De'Ron Davis","PF","Aurora, COOverland High School","6'8''","230","85","Indiana","deron-davis","https://www.sports-reference.com/cbb/players/deron-davis-1.html"
"2","Alpha Diallo","SF","Denver, COBrewster Academy","6'7''","195","82","Providence","alpha-diallo","https://www.sports-reference.com/cbb/players/alpha-diallo-1.html"
"3","Justin Bassey","SF","Aurora, COColorado Academy","6'5''","210","79","Harvard","justin-bassey","https://www.sports-reference.com/cbb/players/justin-bassey-1.html"
"4","Relando Rogers","PF","Denver, COCollegiate Prep Academy","6'8''","230","75","unknown","relando-rogers","https://www.sports-reference.com/cbb/players/relando-rogers-1.html"
"5","Daytone Jennings","SF","Denver, CODenver East High School","6'7''","175","70","unknown","daytone-jennings","https://www.sports-reference.com/cbb/players/daytone-jennings-1.html"
"6","Nathan Davis","SF","Denver, COJ. K. Mullen High School","6'6''","175","70","unknown","nathan-davis","https://www.sports-reference.com/cbb/players/nathan-davis-1.html"
"7","Austin Mueller","PF","Highlands Ranch, COThunderRidge High School","6'6''","210","69","Wyoming","austin-mueller","https://www.sports-reference.com/cbb/players/austin-mueller-1.html"
"8","Justinian Jessup","SF","Longmont, COLongmont High School","6'5''","180","68","Boise State","justinian-jessup","https://www.sports-reference.com/cbb/players/justinian-jessup-1.html"
"9","Ladarius Thomas","PG","Aurora, COAurora Central High School","6'4''","180","66","unknown","ladarius-thomas","https://www.sports-reference.com/cbb/players/ladarius-thomas-1.html"
"10","Dallas Walton","PF","Arvada, CORalston Valley High School","6'7''","185","65","Colorado","dallas-walton","https://www.sports-reference.com/cbb/players/dallas-walton-1.html"
"11","David Thornton","SF","Aurora, COCherokee Trail High School","6'4''","185","65","unknown","david-thornton","https://www.sports-reference.com/cbb/players/david-thornton-1.html"
"12","Marc Reininger","C","Monument, CORegis Jesuit High School","6'9''","225","65","unknown","marc-reininger","https://www.sports-reference.com/cbb/players/marc-reininger-1.html"
"13","Chudier Bile","PF","Denver, COSouth High School","6'6''","185","65","unknown","chudier-bile","https://www.sports-reference.com/cbb/players/chudier-bile-1.html"
"14","Jordan Cothran","SG","Denver, COLutheran High School","6'1''","170","63","unknown","jordan-cothran","https://www.sports-reference.com/cbb/players/jordan-cothran-1.html"
"15","Jared Small","SF","Parker, COLegend High School","6'6''","180","63","unknown","jared-small","https://www.sports-reference.com/cbb/players/jared-small-1.html"
"16","Khameron Davis","SF","Highlands Ranch, COSunrise Christian Academy","6'2''","175","62","unknown","khameron-davis","https://www.sports-reference.com/cbb/players/khameron-davis-1.html"
"17","Antonio Capley","C","Arvada, CORalston Valley High School","6'10''","205","60","unknown","antonio-capley","https://www.sports-reference.com/cbb/players/antonio-capley-1.html"
"18","Austin Fritts","SF","Lakewood, COGreen Mountain High School","6'3''","170","60","unknown","austin-fritts","https://www.sports-reference.com/cbb/players/austin-fritts-1.html"
"19","Danny Garrick","SF","Parker, COLegend High School","6'6''","180","60","unknown","danny-garrick","https://www.sports-reference.com/cbb/players/danny-garrick-1.html"
"20","Ronnie Barfield Jr.","PG","Aurora, COCherokee Trail High School","6'3''","170","59","unknown","ronnie-barfieldjr","https://www.sports-reference.com/cbb/players/ronnie-barfieldjr-1.html"
"1","Mustapha Heron","SG","West Haven, CTSacred Heart High School","6'4''","210","92","Auburn","mustapha-heron","https://www.sports-reference.com/cbb/players/mustapha-heron-1.html"
"2","Tyrique Jones","PF","Bloomfield, CTVermont Academy","6'7''","220","82","Xavier","tyrique-jones","https://www.sports-reference.com/cbb/players/tyrique-jones-1.html"
"3","Elijah Pemberton","SF","Middletown, CTCheshire Academy","6'4''","","76","Hofstra","elijah-pemberton","https://www.sports-reference.com/cbb/players/elijah-pemberton-1.html"
"4","Tyrn Flowers","SF","Waterbury, CTSacred Heart High School","6'8''","205","75","UMass","tyrn-flowers","https://www.sports-reference.com/cbb/players/tyrn-flowers-1.html"
"5","Mike Sagay","SF","Bloomfield, CTSt. Thomas More School","6'6''","","70","Boston College","mike-sagay","https://www.sports-reference.com/cbb/players/mike-sagay-1.html"
"6","E.J. Crawford","SF","Simsbury, CTSt. Thomas More School","6'4''","","65","Iona","ej-crawford","https://www.sports-reference.com/cbb/players/ej-crawford-1.html"
"7","Sam Ibiezugbe","C","West Simsbury, CTThe Master's School","6'11''","245","64","Monmouth","sam-ibiezugbe","https://www.sports-reference.com/cbb/players/sam-ibiezugbe-1.html"
"8","Clayton Le Samn","SG","Cheshire, CTCheshire Academy","6'4''","180","57","Holy Cross","clayton-le-samn","https://www.sports-reference.com/cbb/players/clayton-le-samn-1.html"
"1","Jonathan Isaac","SF","Naples, FLIMG Academy","6'10''","185","94","Florida St","jonathan-isaac","https://www.sports-reference.com/cbb/players/jonathan-isaac-1.html"
"2","Tony Bradley","C","Bartow, FLBartow High School","6'10''","235","93","N Carolina","tony-bradley","https://www.sports-reference.com/cbb/players/tony-bradley-1.html"
"3","Udoka Azubuike","C","Jacksonville, FLPotters House Christian","6'11''","270","92","Kansas","udoka-azubuike","https://www.sports-reference.com/cbb/players/udoka-azubuike-1.html"
"4","Dewan Huell","PF","Miami, FLMiami Norland High School","6'9''","230","90","Miami","dewan-huell","https://www.sports-reference.com/cbb/players/dewan-huell-1.html"
"5","Trent Forrest","SG","Chipley, FLChipley High School","6'4''","185","86","Florida St","trent-forrest","https://www.sports-reference.com/cbb/players/trent-forrest-1.html"
"6","Juwan Durham","PF","Tampa, FLTampa Preparatory School","6'9''","200","85","UConn","juwan-durham","https://www.sports-reference.com/cbb/players/juwan-durham-1.html"
"7","Bruno Fernando","C","Montverde, FLMontverde Academy","6'9''","217","83","unknown","bruno-fernando","https://www.sports-reference.com/cbb/players/bruno-fernando-1.html"
"8","Troy Baxter","SF","Gainesville, FLOldsmar Christian High School","6'8''","195","82","UNLV","troy-baxter","https://www.sports-reference.com/cbb/players/troy-baxter-1.html"
"9","Davonta Jordan","PG","Montverde, FLMontverde Academy","6'1''","165","79","Buffalo","davonta-jordan","https://www.sports-reference.com/cbb/players/davonta-jordan-1.html"
"10","Gorjok Gak","C","Bradenton, FLVictory Rock Prep","6'11''","215","79","Florida","gorjok-gak","https://www.sports-reference.com/cbb/players/gorjok-gak-1.html"
"11","Eric Hester","PG","Oldsmar, FLOldsmar Christian High School","6'3''","175","79","Florida","eric-hester","https://www.sports-reference.com/cbb/players/eric-hester-1.html"
"12","John Mooney","PF","Altamonte Springs, FLLake Brantley High School","6'9''","240","79","Notre Dame","john-mooney","https://www.sports-reference.com/cbb/players/john-mooney-1.html"
"13","Issa Thiam","SF","Jacksonville, FLArlington Country Day School","6'8''","180","78","Rutgers","issa-thiam","https://www.sports-reference.com/cbb/players/issa-thiam-1.html"
"14","Khadim Gueye","C","Bradenton, FLVictory Rock Prep","7'1''","220","77","unknown","khadim-gueye","https://www.sports-reference.com/cbb/players/khadim-gueye-1.html"
"15","Koch Bar","C","Jacksonville, FLArlington Country Day School","6'9''","220","76","Bradley","koch-bar","https://www.sports-reference.com/cbb/players/koch-bar-1.html"
"16","Jean-Michael Tine","PF","Orlando, FLOrlando Christian Prep","6'7''","217","75","unknown","jean-michael-tine","https://www.sports-reference.com/cbb/players/jean-michael-tine-1.html"
"17","Tre Clark","SG","Palmetto, FLPalmetto Ridge High School","6'5''","185","74","Furman","tre-clark","https://www.sports-reference.com/cbb/players/tre-clark-1.html"
"18","Dontay Bassett","PF","Oldsmar, FLOldsmar Christian High School","6'8''","205","72","Florida","dontay-bassett","https://www.sports-reference.com/cbb/players/dontay-bassett-1.html"
"19","Ronald Taylor","PG","Bradenton, FLSoutheast High School","6'2''","160","70","unknown","ronald-taylor","https://www.sports-reference.com/cbb/players/ronald-taylor-1.html"
"20","Ray Robinson","C","Coconut Creek, FLDeerfield Beach High School","6'8''","185","70","N Arizona","ray-robinson","https://www.sports-reference.com/cbb/players/ray-robinson-1.html"
"1","Kobi Simmons","PG","Alpharetta, GASt. Francis High School","6'6''","185","92","Arizona","kobi-simmons","https://www.sports-reference.com/cbb/players/kobi-simmons-1.html"
"2","Alterique Gilbert","PG","Lithonia, GAMiller Grove High School","6'0''","170","89","UConn","alterique-gilbert","https://www.sports-reference.com/cbb/players/alterique-gilbert-1.html"
"3","Brandon Robinson","SG","Douglasville, GADouglas County High School","6'5''","170","85","N Carolina","brandon-robinson","https://www.sports-reference.com/cbb/players/brandon-robinson-1.html"
"4","James Banks","C","Atlanta, GALa Lumiere School","6'11''","230","84","Texas","james-banks","https://www.sports-reference.com/cbb/players/james-banks-1.html"
"5","Chris Lewis","PF","Alpharetta, GAMilton High School","6'8''","235","83","Harvard","chris-lewis","https://www.sports-reference.com/cbb/players/chris-lewis-1.html"
"6","Romello White","PF","Marietta, GAWheeler High School","6'9''","220","82","Arizona St","romello-white","https://www.sports-reference.com/cbb/players/romello-white-1.html"
"7","Tyree Crump","SG","Bainbridge, GABainbridge High School","6'2''","170","82","Georgia","tyree-crump","https://www.sports-reference.com/cbb/players/tyree-crump-1.html"
"8","Jared Harper","PG","Atlanta, GAPebblebrook High School","5'10''","160","82","Auburn","jared-harper","https://www.sports-reference.com/cbb/players/jared-harper-1.html"
"9","Robert Baker Jr.","PF","Woodstock, GAThe Walker School","6'9''","190","82","Harvard","robert-bakerjr","https://www.sports-reference.com/cbb/players/robert-bakerjr-1.html"
"10","D'Marcus Simonds","SG","Buford, GABuford High School","6'4''","190","82","Georgia St","dmarcus-simonds","https://www.sports-reference.com/cbb/players/dmarcus-simonds-1.html"
"11","Jordan Harris","SG","Donalsonville, GASeminole County Middle-High School","6'5''","175","80","Georgia","jordan-harris","https://www.sports-reference.com/cbb/players/jordan-harris-1.html"
"12","Anfernee McLemore","PF","Sylvester, GAWorth County High School","6'8''","210","80","Auburn","anfernee-mclemore","https://www.sports-reference.com/cbb/players/anfernee-mclemore-1.html"
"13","Kamar Baldwin","SG","Winder, GAApalachee High School","6'2''","175","78","Butler","kamar-baldwin","https://www.sports-reference.com/cbb/players/kamar-baldwin-1.html"
"14","Aaron Augustin","PG","Suwanee, GAMiller Grove High School","5'11''","170","77","SF Austin","aaron-augustin","https://www.sports-reference.com/cbb/players/aaron-augustin-1.html"
"15","Raquan Wilkins","SF","Atlanta, GAWestlake High School","6'5''","180","76","E Carolina","raquan-wilkins","https://www.sports-reference.com/cbb/players/raquan-wilkins-1.html"
"16","Davion Thomas","PF","Columbus, GANorthside High School","6'8''","200","75","Mid Tennessee","davion-thomas","https://www.sports-reference.com/cbb/players/davion-thomas-1.html"
"17","Darnell Rogers","PG","Snellville, GAShiloh High School","5'3''","145","73","unknown","darnell-rogers","https://www.sports-reference.com/cbb/players/darnell-rogers-1.html"
"18","Martins Igbanu","C","Marietta, GACovenant Christian Ministries Academy","6'8''","200","70","Tulsa","martins-igbanu","https://www.sports-reference.com/cbb/players/martins-igbanu-1.html"
"1","Connor Harding","SG","Pocatello, IDHighland High School","6'5''","175","80","BYU","connor-harding","https://www.sports-reference.com/cbb/players/connor-harding-1.html"
"1","Charlie Moore","PG","Chicago, ILMorgan Park High School","5'11''","160","84","California","charlie-moore","https://www.sports-reference.com/cbb/players/charlie-moore-1.html"
"2","Zach Norvell","SG","Chicago, ILSimeon Career Academy","6'4''","180","82","Gonzaga","zach-norvell","https://www.sports-reference.com/cbb/players/zach-norvell-1.html"
"3","Barret Benson","C","Hinsdale, ILHinsdale South High School","6'10''","240","79","Nrthwestrn","barret-benson","https://www.sports-reference.com/cbb/players/barret-benson-1.html"
"4","Roosevelt Smart","PG","Palatine, ILSunrise Christian Academy","6'2''","170","79","unknown","roosevelt-smart","https://www.sports-reference.com/cbb/players/roosevelt-smart-1.html"
"5","Rapolas Ivanauskas","PF","Barrington, ILBrewster Academy","6'9''","208","79","Nrthwestrn","rapolasivanauskas","https://www.sports-reference.com/cbb/players/rapolasivanauskas-1.html"
"6","Isaiah Roby","SF","Dixon, ILDixon High School","6'8''","205","78","Nebraska","isaiah-roby","https://www.sports-reference.com/cbb/players/isaiah-roby-1.html"
"7","K.J. Santos","SF","Geneva, ILSunrise Christian Academy","6'7''","185","77","UIC","kj-santos","https://www.sports-reference.com/cbb/players/kj-santos-1.html"
"8","Nick Rakocevic","C","Chicago, ILSaint Joseph High School","6'11''","210","77","USC","nick-rakocevic","https://www.sports-reference.com/cbb/players/nick-rakocevic-1.html"
"9","Loren Jackson","PG","Chicago, ILVictory Rock Prep","5'7''","130","76","Long Beach St","loren-jackson","https://www.sports-reference.com/cbb/players/loren-jackson-1.html"
"10","Ben Coupet","SF","Chicago, ILSimeon Career Academy","6'7''","185","76","UNLV","ben-coupet","https://www.sports-reference.com/cbb/players/ben-coupet-1.html"
"11","Jerry Myles","SF","Moline, ILUnited Township High School","6'5''","","76","unknown","jerry-myles","https://www.sports-reference.com/cbb/players/jerry-myles-1.html"
"12","Skyler Nash","SF","Chicago, ILWhitney Young High School","6'5''","210","73","unknown","skyler-nash","https://www.sports-reference.com/cbb/players/skyler-nash-1.html"
"1","Kyle Guy","SG","Indianapolis, INLawrence Central High School","6'2''","170","92","Virginia","kyle-guy","https://www.sports-reference.com/cbb/players/kyle-guy-1.html"
"2","Joey Brunk","C","Indianapolis, INSouthport High School","6'10''","240","82","Butler","joey-brunk","https://www.sports-reference.com/cbb/players/joey-brunk-1.html"
"3","C.J. Walker","PG","Indianapolis, INArsenal Technical High School","6'0''","170","81","unknown","cj-walker","https://www.sports-reference.com/cbb/players/cj-walker-1.html"
"4","Kyle Mallers","SF","Fort Wayne, INCarroll High School","6'7''","190","78","Ball State","kyle-mallers","https://www.sports-reference.com/cbb/players/kyle-mallers-1.html"
"5","Brachen Hazen","PF","Fort Wayne, INColumbia City High School","6'8''","190","77","Arkansas","brachen-hazen","https://www.sports-reference.com/cbb/players/brachen-hazen-1.html"
"6","Eron Gordon","SG","Indianapolis, INCathedral High School","6'3''","175","76","Seton Hall","eron-gordon","https://www.sports-reference.com/cbb/players/eron-gordon-1.html"
"7","Damien Jefferson","SF","East Chicago, INEast Chicago Central High School","6'5''","180","76","New Mexico","damien-jefferson","https://www.sports-reference.com/cbb/players/damien-jefferson-1.html"
"8","Brandon Cyrus","SG","La Porte, INLa Lumiere School","6'4''","190","75","DePaul","brandon-cyrus","https://www.sports-reference.com/cbb/players/brandon-cyrus-1.html"
"9","Grant Gelon","SG","Crown Point, INCrown Point High School","6'5''","","75","Indiana","grant-gelon","https://www.sports-reference.com/cbb/players/grant-gelon-1.html"
"10","Reggie Jones","SF","Marion, INMarion High School","6'5''","180","73","W Michigan","reggie-jones","https://www.sports-reference.com/cbb/players/reggie-jones-1.html"
"1","Jordan Bohannon","PG","Marion, IALinn-Mar High School","6'1''","170","80","Iowa","jordan-bohannon","https://www.sports-reference.com/cbb/players/jordan-bohannon-1.html"
"2","Cordell Pemsl","PF","Dubuque, IAWahlert Catholic High School","6'7''","230","77","Iowa","cordell-pemsl","https://www.sports-reference.com/cbb/players/cordell-pemsl-1.html"
"1","Eli Wright","SG","Owensboro, KY22ft Academy","6'5''","190","83","Miss. St","eli-wright","https://www.sports-reference.com/cbb/players/eli-wright-1.html"
"2","Quentin Goodin","SG","Campbellsville, KYTaylor County High School","6'3''","190","82","Xavier","quentin-goodin","https://www.sports-reference.com/cbb/players/quentin-goodin-1.html"
"3","Carson Williams","SF","Owenton, KYOwen County High School","6'5''","185","73","N Kentucky","carson-williams","https://www.sports-reference.com/cbb/players/carson-williams-1.html"
"1","Robert Williams","PF","Vivian, LANorth Caddo High School","6'8''","220","86","Texas A&M","robert-williams","https://www.sports-reference.com/cbb/players/robert-williams-1.html"
"2","DeJon Jarreau","SG","New Orleans, LAMcDonogh 35 High School","6'5''","170","84","UMass","dejon-jarreau","https://www.sports-reference.com/cbb/players/dejon-jarreau-1.html"
"3","Mark Vital","SF","Lake Charles, LAAdvanced Prep International","6'6''","220","83","Baylor","mark-vital","https://www.sports-reference.com/cbb/players/mark-vital-1.html"
"4","Cameron Lard","PF","Natchitoches, LALandry-Walker High School","6'9''","210","80","Iowa State","cameron-lard","https://www.sports-reference.com/cbb/players/cameron-lard-1.html"
"5","Lamar Peters","PG","New Orleans, LAL. B. Landry Senior High School","6'1''","165","80","Miss. St","lamar-peters","https://www.sports-reference.com/cbb/players/lamar-peters-1.html"
"6","Skylar Mays","PG","Baton Rouge, LAFindlay College Prep","6'3''","180","80","LSU","skylar-mays","https://www.sports-reference.com/cbb/players/skylar-mays-1.html"
"7","Brison Gresham","C","New Orleans, LAMcDonogh 35 High School","6'9''","210","78","UMass","brison-gresham","https://www.sports-reference.com/cbb/players/brison-gresham-1.html"
"8","Wayde Sims","PF","Baton Rouge, LAUniversity Laboratory School","6'6''","210","77","LSU","wayde-sims","https://www.sports-reference.com/cbb/players/wayde-sims-1.html"
"9","Mike Layssard Jr.","C","Shreveport, LANorthwood Senior High School","6'9''","280","77","Rhode Island","mike-layssardjr","https://www.sports-reference.com/cbb/players/mike-layssardjr-1.html"
"10","Jalen Johnson","PF","New Orleans, LAUniversity Laboratory School","6'6''","","77","Saint Louis","jalen-johnson","https://www.sports-reference.com/cbb/players/jalen-johnson-1.html"
"11","Malik Crowfield","SG","Laplace, LARiverside Academy","6'4''","190","76","VCU","malik-crowfield","https://www.sports-reference.com/cbb/players/malik-crowfield-1.html"
"1","Vitaliy Shibel","PF","Lee, MELee Academy","6'9''","215","74","Arizona St","vitaliy-shibel","https://www.sports-reference.com/cbb/players/vitaliy-shibel-1.html"
"2","Sergio El Darwich","SG","Lee, MELee Academy","6'4''","","60","S Dakota St","sergio-el-darwich","https://www.sports-reference.com/cbb/players/sergio-el-darwich-1.html"
"3","Nedeljko Prijovic","SF","Lee, MELee Academy","6'7''","210","58","Texas State","nedeljko-prijovic","https://www.sports-reference.com/cbb/players/nedeljko-prijovic-1.html"
"4","Andrew Fleming","PF","South Paris, MEOxford Hills High School","6'7''","210","57","Maine","andrew-fleming","https://www.sports-reference.com/cbb/players/andrew-fleming-1.html"
"1","Markelle Fultz","PG","Upper Marlboro, MDDeMatha Catholic High School","6'4''","190","96","Washington","markelle-fultz","https://www.sports-reference.com/cbb/players/markelle-fultz-1.html"
"2","Anthony Cowan","PG","Olney, MDSaint Johns College High School","5'11''","165","84","Maryland","anthony-cowan","https://www.sports-reference.com/cbb/players/anthony-cowan-1.html"
"3","Kodye Pugh","SF","Baltimore, MDBlair Academy","6'7''","185","81","Stanford","kodye-pugh","https://www.sports-reference.com/cbb/players/kodye-pugh-1.html"
"4","Joe Hampton","PF","Hyattsville, MDOak Hill Academy","6'6''","265","80","Penn State","joe-hampton","https://www.sports-reference.com/cbb/players/joe-hampton-1.html"
"5","Corey Manigault","C","Suitland, MDPaul VI High School","6'8''","225","79","unknown","corey-manigault","https://www.sports-reference.com/cbb/players/corey-manigault-1.html"
"6","A.J. Wilson","PF","Lanham, MDElev8 Basketball Academy","6'6''","180","74","George Mason","aj-wilson","https://www.sports-reference.com/cbb/players/aj-wilson-1.html"
"7","Michael Tertsea","C","NA, NAThe John Carroll School","6'9''","220","74","Rhode Island","michael-tertsea","https://www.sports-reference.com/cbb/players/michael-tertsea-1.html"
"8","Justin Gorham","PF","Columbia, MDCalvert Hall College High School","6'7''","215","72","Towson","justin-gorham","https://www.sports-reference.com/cbb/players/justin-gorham-1.html"
"9","Christian Matthews","SF","Clinton, MDNational Christian Academy","6'5''","188","71","Georgia Tech","christian-matthews","https://www.sports-reference.com/cbb/players/christian-matthews-1.html"
"10","Daquan Bracey","PG","Baltimore, MDSt. Frances Academy","5'8''","170","68","Louisiana Tech","daquan-bracey","https://www.sports-reference.com/cbb/players/daquan-bracey-1.html"
"11","Bruce Moore","PF","Randallstown, MDMcDonough High School","6'7''","","66","Bucknell","bruce-moore","https://www.sports-reference.com/cbb/players/bruce-moore-1.html"
"12","Nate Darling","SG","Hyattsville, MDDeMatha Catholic High School","6'3''","170","65","UAB","nate-darling","https://www.sports-reference.com/cbb/players/nate-darling-1.html"
"13","Tyler Stewart","SF","Silver Spring, MDSt. Andrews Episcopal School","6'6''","","63","Binghamton","tyler-stewart","https://www.sports-reference.com/cbb/players/tyler-stewart-1.html"
"14","David Erebor","C","Baltimore, MDOur Lady of Mt. Carmel High School","6'9''","215","61","Brown","david-erebor","https://www.sports-reference.com/cbb/players/david-erebor-1.html"
"15","Craig LeCesne","SF","Hagerstown, MDSt. James School","6'8''","","60","Pepperdine","craig-lecesne","https://www.sports-reference.com/cbb/players/craig-lecesne-1.html"
"16","Andrew Kostecka","SF","Germantown, MDClarksburg High School","6'4''","","59","Loyola (MD)","andrew-kostecka","https://www.sports-reference.com/cbb/players/andrew-kostecka-1.html"
"17","Mantvydas Urmilevicius","PF","Bel Air, MDThe John Carroll School","6'8''","205","59","Bryant","mantvydas-urmilevicius","https://www.sports-reference.com/cbb/players/mantvydas-urmilevicius-1.html"
"18","Everett Winchester","SG","Baltimore, MDGilman School","6'6''","190","59","Wright St","everett-winchester","https://www.sports-reference.com/cbb/players/everett-winchester-1.html"
"19","Ameka Akaya","SF","Hagerstown, MDSt. Maria Goretti High School","6'4''","190","59","Air Force","ameka-akaya","https://www.sports-reference.com/cbb/players/ameka-akaya-1.html"
"20","Anthony Tarke","PF","Baltimore, MDCoastal Academy","6'6''","","59","NJIT","anthony-tarke","https://www.sports-reference.com/cbb/players/anthony-tarke-1.html"
"21","Nehemiah Mack","SG","Baltimore, MDMount Zion Baptist Christian School","6'0''","","58","Manhattan","nehemiah-mack","https://www.sports-reference.com/cbb/players/nehemiah-mack-1.html"
"22","Deivydas Kuzavas","C","Leonardtown, MDSaint Mary's Ryken","6'9''","","58","St. Francis (PA)","deivydas-kuzavas","https://www.sports-reference.com/cbb/players/deivydas-kuzavas-1.html"
"23","Kurk Lee","PG","Baltimore, MDSt. Frances Academy","5'9''","160","57","Drexel","kurk-lee","https://www.sports-reference.com/cbb/players/kurk-lee-1.html"
"24","Randy Miller","SG","Odenton, MDMount St. Joseph High School","6'3''","175","57","Mt. St. Mary's","randy-miller","https://www.sports-reference.com/cbb/players/randy-miller-1.html"
"1","Bruce Brown","SG","Wakefield, MAVermont Academy","6'4''","200","92","Miami","bruce-brown","https://www.sports-reference.com/cbb/players/bruce-brown-1.html"
"2","Chris Baldwin","PF","Springfield, MANotre Dame Prep","6'8''","230","80","UMass","chris-baldwin","https://www.sports-reference.com/cbb/players/chris-baldwin-1.html"
"3","A.J. Brodeur","PF","Northborough, MANorthfield-Mt. Hermon School","6'8''","","76","Pennsylvania","aj-brodeur","https://www.sports-reference.com/cbb/players/aj-brodeur-1.html"
"4","Unique McLean","SG","Granby, MAThe MacDuffie School","6'1''","170","75","UMass","unique-mclean","https://www.sports-reference.com/cbb/players/unique-mclean-1.html"
"5","Saul Phiri","SF","Bradford, MAWorcester Academy","6'4''","210","73","La Salle","saul-phiri","https://www.sports-reference.com/cbb/players/saul-phiri-1.html"
"6","Mark Gasperini","C","Brookline, MABrimmer & May","6'9''","","64","American","mark-gasperini","https://www.sports-reference.com/cbb/players/mark-gasperini-1.html"
"7","B.J. Martin","PF","Waltham, MATilton School","6'6''","210","64","Rice","bj-martin","https://www.sports-reference.com/cbb/players/bj-martin-1.html"
"8","Ikenna Ndugba","PG","Boston, MABrooks School","6'1''","180","59","Bryant","ikenna-ndugba","https://www.sports-reference.com/cbb/players/ikenna-ndugba-1.html"
"9","Danny Evans","PG","Andover, MAPhillips Academy","6'4''","","58","Maine","danny-evans","https://www.sports-reference.com/cbb/players/danny-evans-1.html"
"1","Josh Jackson","SF","Southfield, MIProlific Prep","6'7''","185","97","Kansas","josh-jackson","https://www.sports-reference.com/cbb/players/josh-jackson-1.html"
"2","Miles Bridges","SF","Flint, MIHuntington Prep","6'7''","225","96","Michigan St","miles-bridges","https://www.sports-reference.com/cbb/players/miles-bridges-1.html"
"3","Cassius Winston","PG","Detroit, MIUniv. of Detroit Jesuit High School","6'1''","177","89","Michigan St","cassius-winston","https://www.sports-reference.com/cbb/players/cassius-winston-1.html"
"4","Austin Davis","C","Onsted, MIOnsted High School","6'10''","240","79","Michigan","austin-davis","https://www.sports-reference.com/cbb/players/austin-davis-1.html"
"5","Devon Daniels","SG","Kalamazoo, MIProlific Prep","6'4''","185","79","Utah","devon-daniels","https://www.sports-reference.com/cbb/players/devon-daniels-1.html"
"6","Al Eichelberger","PF","Saginaw, MISaginaw High School","6'7''","225","75","DePaul","al-eichelberger","https://www.sports-reference.com/cbb/players/al-eichelberger-1.html"
"1","Amir Coffey","SF","Minnetonka, MNHopkins High School","6'7''","195","89","Minnesota","amir-coffey","https://www.sports-reference.com/cbb/players/amir-coffey-1.html"
"2","Michael Hurt","PF","Rochester, MNJohn Marshall High School","6'7''","185","79","Minnesota","michael-hurt","https://www.sports-reference.com/cbb/players/michael-hurt-1.html"
"3","Reed Nikko","C","Maple Grove, MNMaple Grove High School","6'8''","","77","Missouri","reed-nikko","https://www.sports-reference.com/cbb/players/reed-nikko-1.html"
"1","Mario Kegler","SF","Jackson, MSOak Hill Academy","6'8''","218","86","Miss. St","mario-kegler","https://www.sports-reference.com/cbb/players/mario-kegler-1.html"
"2","Tyson Carter","PG","Starkville, MSStarkville Academy","6'4''","170","80","Miss. St","tyson-carter","https://www.sports-reference.com/cbb/players/tyson-carter-1.html"
"3","Darius Hicks","PF","Quitman, MS22ft Academy","6'7''","230","75","NC State","darius-hicks","https://www.sports-reference.com/cbb/players/darius-hicks-1.html"
"4","Damien Moore","C","Vaughn, MSCallaway High School","6'11''","210","70","Temple","damien-moore","https://www.sports-reference.com/cbb/players/damien-moore-1.html"
"1","Jayson Tatum","SF","Saint Louis, MOChaminade College Prep","6'8''","175","97","Duke","jayson-tatum","https://www.sports-reference.com/cbb/players/jayson-tatum-1.html"
"2","Tyler Cook","PF","Saint Louis, MOChaminade College Prep","6'9''","240","87","Iowa","tyler-cook","https://www.sports-reference.com/cbb/players/tyler-cook-1.html"
"3","Xavier Sneed","SF","Saint Louis, MOHazelwood Central High School","6'5''","190","79","Kansas St","xavier-sneed","https://www.sports-reference.com/cbb/players/xavier-sneed-1.html"
"4","Will Gladson","C","Saint Louis, MOChaminade College Prep","6'10''","","74","Princeton","will-gladson","https://www.sports-reference.com/cbb/players/will-gladson-1.html"
"1","Zach Collins","C","Las Vegas, NVBishop Gorman High School","6'11''","220","88","Gonzaga","zach-collins","https://www.sports-reference.com/cbb/players/zach-collins-1.html"
"2","Octavian Corley","PF","Reno, NVMcQueen High School","6'9''","185","70","unknown","octavian-corley","https://www.sports-reference.com/cbb/players/octavian-corley-1.html"
"3","Zach Williams","PF","Reno, NVGalena High School","6'7''","200","65","unknown","zach-williams","https://www.sports-reference.com/cbb/players/zach-williams-1.html"
"4","Darius Jackson","SG","Las Vegas, NVClark High School","6'4''","180","65","unknown","darius-jackson","https://www.sports-reference.com/cbb/players/darius-jackson-1.html"
"5","Nick Kornieck","SF","Las Vegas, NVCoronado High School","6'6''","180","63","unknown","nick-kornieck","https://www.sports-reference.com/cbb/players/nick-kornieck-1.html"
"6","Jake Desjardins","SF","Henderson, NVCoronado High School","6'6''","185","63","unknown","jake-desjardins","https://www.sports-reference.com/cbb/players/jake-desjardins-1.html"
"7","Chase Nomaaea","SF","Las Vegas, NVBishop Gorman High School","6'5''","175","62","unknown","chase-nomaaea","https://www.sports-reference.com/cbb/players/chase-nomaaea-1.html"
"8","Arash Poorsina","C","Las Vegas, NVTrinity International School","6'10''","245","60","unknown","arash-poorsina","https://www.sports-reference.com/cbb/players/arash-poorsina-1.html"
"1","Wenyen Gabriel","PF","Manchester, NHWilbraham & Monson Academy","6'9''","210","94","Kentucky","wenyen-gabriel","https://www.sports-reference.com/cbb/players/wenyen-gabriel-1.html"
"2","Max Curran","PF","Hooksett, NHNotre Dame Prep","6'8''","180","57","Milwaukee","max-curran","https://www.sports-reference.com/cbb/players/max-curran-1.html"
"1","Tyus Battle","SF","Edison, NJSt. Joseph High School","6'5''","220","88","Syracuse","tyus-battle","https://www.sports-reference.com/cbb/players/tyus-battle-1.html"
"2","Taurean Thompson","PF","Jersey City, NJBrewster Academy","6'9''","220","82","Syracuse","taurean-thompson","https://www.sports-reference.com/cbb/players/taurean-thompson-1.html"
"3","Temple Gibbs","SG","Scotch Plains, NJSeton Hall Prep","6'3''","190","82","Notre Dame","temple-gibbs","https://www.sports-reference.com/cbb/players/temple-gibbs-1.html"
"4","Myles Powell","SG","Trenton, NJSouth Kent School","6'2''","195","82","Seton Hall","myles-powell","https://www.sports-reference.com/cbb/players/myles-powell-1.html"
"5","Bryce Aiken","PG","Randolph, NJThe Patrick School","6'0''","185","82","Harvard","bryce-aiken","https://www.sports-reference.com/cbb/players/bryce-aiken-1.html"
"6","Jagan Mosley","SG","Morganville, NJSt. Anthony High School","6'3''","185","80","Georgetown","jagan-mosley","https://www.sports-reference.com/cbb/players/jagan-mosley-1.html"
"7","Kevin Marfo","C","Oradell, NJWorcester Academy","6'8''","235","78","G. Washington","kevin-marfo","https://www.sports-reference.com/cbb/players/kevin-marfo-1.html"
"8","Breein Tyree","PG","Metuchen, NJSt. Joseph High School","6'2''","178","77","Ole Miss","breein-tyree","https://www.sports-reference.com/cbb/players/breein-tyree-1.html"
"9","Arnaldo Toro","PF","Newark, NJSaint Benedict's Prep","6'8''","235","73","G. Washington","arnaldo-toro","https://www.sports-reference.com/cbb/players/arnaldo-toro-1.html"
"10","Cyril Langevine","PF","East Orange, NJThe Patrick School","6'8''","","70","Rhode Island","cyril-langevine","https://www.sports-reference.com/cbb/players/cyril-langevine-1.html"
"11","Pat Andree","PF","Colts Neck, NJChristian Brothers Academy","6'7''","205","70","Lehigh","pat-andree","https://www.sports-reference.com/cbb/players/pat-andree-1.html"
"12","Asante Gist","PG","West Orange, NJSt. Anthony High School","5'10''","168","67","E Kentucky","asante-gist","https://www.sports-reference.com/cbb/players/asante-gist-1.html"
"13","Matt Bullock","SF","Elizabeth, NJRoselle Catholic High School","6'4''","230","64","Rutgers","matt-bullock","https://www.sports-reference.com/cbb/players/matt-bullock-1.html"
"14","James Scott","SF","Sparta, NJSaint Benedict's Prep","6'4''","185","63","Kennesaw St","james-scott","https://www.sports-reference.com/cbb/players/james-scott-1.html"
"15","Max Mahoney","PF","Basking Ridge, NJRidge High School","6'7''","200","63","Boston U","max-mahoney","https://www.sports-reference.com/cbb/players/max-mahoney-1.html"
"16","Kaleb Bishop","PF","Jersey City, NJSt. Anthony High School","6'7''","","60","Fair Dickinson","kaleb-bishop","https://www.sports-reference.com/cbb/players/kaleb-bishop-1.html"
"17","Brandon Anderson","PG","Mahwah, NJDon Bosco High School","6'0''","160","60","Brown","brandon-anderson","https://www.sports-reference.com/cbb/players/brandon-anderson-1.html"
"18","Gerald Blount","PF","Jersey City, NJPomfret School","6'7''","205","59","St Joseph's","gerald-blount","https://www.sports-reference.com/cbb/players/gerald-blount-1.html"
"19","Sa'eed Nelson","PG","Pleasantville, NJSaint Augustine Prep","5'11''","","59","American","saeed-nelson","https://www.sports-reference.com/cbb/players/saeed-nelson-1.html"
"20","Shyquan Gibbs","PG","Jersey City, NJSt. Anthony High School","6'1''","150","59","NJIT","shyquan-gibbs","https://www.sports-reference.com/cbb/players/shyquan-gibbs-1.html"
"21","Richmond Aririguzoh","PF","Trenton, NJTrenton Catholic Academy","6'8''","205","59","Princeton","richmond-aririguzoh","https://www.sports-reference.com/cbb/players/richmond-aririguzoh-1.html"
"22","Kashaun Hicks","SF","Edgewater Park, NJThe MacDuffie School","6'5''","190","58","Cent Connecticut","kashaun-hicks","https://www.sports-reference.com/cbb/players/kashaun-hicks-1.html"
"1","Rawle Alkins","SF","Brooklyn, NYWord of God Christian Academy","6'4''","200","92","Arizona","rawle-alkins","https://www.sports-reference.com/cbb/players/rawle-alkins-1.html"
"2","Shamorie Ponds","PG","Brooklyn, NYThomas Jefferson High School","6'1''","180","88","St. John's","shamorie-ponds","https://www.sports-reference.com/cbb/players/shamorie-ponds-1.html"
"3","Ty Jerome","PG","New Rochelle, NYIona College Prep","6'5''","180","87","Virginia","ty-jerome","https://www.sports-reference.com/cbb/players/ty-jerome-1.html"
"4","Kevin Huerter","SG","Clifton Park, NYShenendehowa Central High School","6'5''","170","86","Maryland","kevin-huerter","https://www.sports-reference.com/cbb/players/kevin-huerter-1.html"
"5","Mamadou Diarra","PF","Queens, NYPutnam Science Academy","6'8''","215","82","UConn","mamadou-diarra","https://www.sports-reference.com/cbb/players/mamadou-diarra-1.html"
"6","Rodney Miller","C","Laurelton, NYOak Hill Academy","6'11''","230","80","Miami","rodney-miller","https://www.sports-reference.com/cbb/players/rodney-miller-1.html"
"7","Quinton Rose","SG","Rochester, NYGreece Athena High School","6'6''","170","80","Temple","quinton-rose","https://www.sports-reference.com/cbb/players/quinton-rose-1.html"
"8","Christian Vital","SG","Queens Village, NYSt. Thomas More School","6'2''","175","77","UConn","christian-vital","https://www.sports-reference.com/cbb/players/christian-vital-1.html"
"9","Elijah Hughes","SF","Somers, NYKennedy Catholic High School","6'5''","","76","E Carolina","elijah-hughes","https://www.sports-reference.com/cbb/players/elijah-hughes-1.html"
"10","Travis Atson","SF","Brooklyn, NYNotre Dame Prep","6'5''","185","72","Tulsa","travis-atson","https://www.sports-reference.com/cbb/players/travis-atson-1.html"
"11","Devonte Green","SG","Huntington Station, NYLong Island Lutheran High School","6'2''","185","72","Indiana","devonte-green","https://www.sports-reference.com/cbb/players/devonte-green-1.html"
"12","Nathan Knight","PF","Syracuse, NYKimball Union Academy","6'9''","255","67","William & Mary","nathan-knight","https://www.sports-reference.com/cbb/players/nathan-knight-1.html"
"13","Tareq Coburn","SF","Rosedale, NYBenjamin Cardozo High School","6'4''","180","66","St. Bonaventure","tareq-coburn","https://www.sports-reference.com/cbb/players/tareq-coburn-1.html"
"14","Amadi Ikpeze","C","Amherst, NYAmherst Central High School","6'10''","245","65","St. Bonaventure","amadi-ikpeze","https://www.sports-reference.com/cbb/players/amadi-ikpeze-1.html"
"15","Jahlil Tripp","SF","Brooklyn, NYLincoln High School","6'5''","190","65","unknown","jahlil-tripp","https://www.sports-reference.com/cbb/players/jahlil-tripp-1.html"
"16","Anthony Lamb","PF","Rochester, NYGreece Athena High School","6'6''","","65","Vermont","anthony-lamb","https://www.sports-reference.com/cbb/players/anthony-lamb-1.html"
"17","Jair Bolden","SG","Brooklyn, NYWesttown School","6'4''","190","64","G. Washington","jair-bolden","https://www.sports-reference.com/cbb/players/jair-bolden-1.html"
"18","Ray Salnave","SG","Elmont, NYBenjamin Cardozo High School","6'2''","180","64","Monmouth","ray-salnave","https://www.sports-reference.com/cbb/players/ray-salnave-1.html"
"19","Andrew Garcia","SF","Harlem, NYThe Master's School","6'5''","200","63","Stony Brook","andrew-garcia","https://www.sports-reference.com/cbb/players/andrew-garcia-1.html"
"20","Jack Stevens","C","Ithaca, NYKent School","6'10''","215","63","Holy Cross","jack-stevens","https://www.sports-reference.com/cbb/players/jack-stevens-1.html"
"21","Peter Kiss","SG","New York, NYNotre Dame Prep","6'4''","","63","Quinnipiac","peter-kiss","https://www.sports-reference.com/cbb/players/peter-kiss-1.html"
"22","Shawn Montague","SF","Yorktown Heights, NYCanterbury School","6'5''","175","62","Sacred Heart","shawn-montague","https://www.sports-reference.com/cbb/players/shawn-montague-1.html"
"23","Tyrone Cohen Jr.","SF","Flushing, NYChrist the King High School","6'5''","178","61","Holy Cross","tyrone-cohenjr","https://www.sports-reference.com/cbb/players/tyrone-cohenjr-1.html"
"24","Troy Temara","PF","Camillus, NYWest Genesee Senior High School","6'8''","220","61","George Mason","troy-temara","https://www.sports-reference.com/cbb/players/troy-temara-1.html"
"25","Will Rayman","PF","New York, NYNew Hampton School","6'7''","190","60","Colgate","will-rayman","https://www.sports-reference.com/cbb/players/will-rayman-1.html"
"26","Ray Jerome","SG","Latham, NYCheshire Academy","6'3''","185","60","Pennsylvania","ray-jerome","https://www.sports-reference.com/cbb/players/ray-jerome-1.html"
"27","Stafford Truehardt","PF","Buffalo, NYCanisius High School","6'6''","190","60","James Madison","stafford-truehardt","https://www.sports-reference.com/cbb/players/stafford-truehardt-1.html"
"28","Jamar Brown","PF","Harlem, NYWings Academy","6'8''","228","60","Wagner","jamar-brown","https://www.sports-reference.com/cbb/players/jamar-brown-1.html"
"29","Aaron Walker","SG","Queens, NYBenjamin Cardozo High School","6'2''","195","59","Manhattan","aaron-walker","https://www.sports-reference.com/cbb/players/aaron-walker-1.html"
"30","David Cole","PF","Queens, NYChrist the King High School","6'6''","230","59","Robert Morris","david-cole","https://www.sports-reference.com/cbb/players/david-cole-1.html"
"31","Jamell Allen","PF","Brentwood, NYBrentwood High School","6'6''","205","57","Iona","jamell-allen","https://www.sports-reference.com/cbb/players/jamell-allen-1.html"
"32","Clive Allen","SG","Bronx, NYCardinal Hayes High School","5'11''","175","57","Robert Morris","clive-allen","https://www.sports-reference.com/cbb/players/clive-allen-1.html"
"33","Gianni Ford","SG","Brooklyn, NYBoys & Girls High School","6'1''","170","56","St. Francis (BKN)","gianni-ford","https://www.sports-reference.com/cbb/players/gianni-ford-1.html"
"34","Zach Radz","SG","Watervliet, NYSt. Thomas More School","6'3''","","56","Sacred Heart","zach-radz","https://www.sports-reference.com/cbb/players/zach-radz-1.html"
"1","Harry Giles","PF","Winston-Salem, NCOak Hill Academy","6'10''","230","97","Duke","harry-giles","https://www.sports-reference.com/cbb/players/harry-giles-1.html"
"2","Bam Adebayo","PF","Pinetown, NCHigh Point Christian Academy","6'9''","240","96","Kentucky","bam-adebayo","https://www.sports-reference.com/cbb/players/bam-adebayo-1.html"
"3","Sacha Killeya-Jones","PF","Chapel Hill, NCVirginia Episcopal School","6'11''","215","92","Kentucky","sacha-killeya-jones","https://www.sports-reference.com/cbb/players/sacha-killeya-jones-1.html"
"4","Jay Huff","PF","Durham, NCVoyager Academy","6'10''","195","83","Virginia","jay-huff","https://www.sports-reference.com/cbb/players/jay-huff-1.html"
"5","Grant Williams","PF","Charlotte, NCProvidence Day School","6'7''","230","81","Tennessee","grant-williams","https://www.sports-reference.com/cbb/players/grant-williams-1.html"
"6","Jalen Johnson","SG","High Point, NCWesleyan Christian Academy","6'6''","180","81","Tennessee","jalen-johnson","https://www.sports-reference.com/cbb/players/jalen-johnson-1.html"
"7","Kwe Parker","SG","Fayetteville, NCWesleyan Christian Academy","6'2''","165","80","Tennessee","kwe-parker","https://www.sports-reference.com/cbb/players/kwe-parker-1.html"
"8","Justice Kithcart","PG","Durham, NCVirginia Episcopal School","6'1''","170","80","Pittsburgh","justice-kithcart","https://www.sports-reference.com/cbb/players/justice-kithcart-1.html"
"9","Brandon Childress","PG","Winston-Salem, NCWesleyan Christian Academy","6'0''","170","80","Wake Forest","brandon-childress","https://www.sports-reference.com/cbb/players/brandon-childress-1.html"
"10","Quentin Jackson","PG","Raleigh, NCCarlisle School","6'3''","170","78","Charlotte","quentin-jackson","https://www.sports-reference.com/cbb/players/quentin-jackson-1.html"
"11","Quate McKinzie","PF","Burgaw, NCHarrells Christian Academy","6'7''","195","77","Buffalo","quate-mckinzie","https://www.sports-reference.com/cbb/players/quate-mckinzie-1.html"
"12","Papi N'Diaye","PF","Winston-Salem, NCQuality Education Academy","6'9''","200","77","Fordham","papi-ndiaye","https://www.sports-reference.com/cbb/players/papi-ndiaye-1.html"
"13","Ty Graves","SG","Greensboro, NCHigh Point Christian Academy","6'0''","165","74","Boston College","ty-graves","https://www.sports-reference.com/cbb/players/ty-graves-1.html"
"14","Ian Boyd","SG","Apex, NCApex High School","6'4''","185","72","George Mason","ian-boyd","https://www.sports-reference.com/cbb/players/ian-boyd-1.html"
"15","Raekwon Long","C","Charlotte, NCLincolnton High School","7'0''","250","70","Florida Int","raekwon-long","https://www.sports-reference.com/cbb/players/raekwon-long-1.html"
"16","J.J. Smith","SG","Fayetteville, NCE. E. Smith High School","6'4''","190","80","unknown","jj-smith","https://www.sports-reference.com/cbb/players/jj-smith-1.html"
"17","Jalen Sanders","PG","Spencer, NCNorth Rowan High School","5'11''","175","70","unknown","jalen-sanders","https://www.sports-reference.com/cbb/players/jalen-sanders-1.html"
"18","Jeremy Spencer","SF","Charlotte, NCProvidence Day School","6'2''","190","59","unknown","jeremy-spencer","https://www.sports-reference.com/cbb/players/jeremy-spencer-1.html"
"19","Juan Munoz","PG","Raleigh, NCPanther Creek High School","5'10''","155","59","Longwood","juan-munoz","https://www.sports-reference.com/cbb/players/juan-munoz-1.html"
"1","Omari Spellman","PF","North Royalton, OHSt. Thomas More School","6'9''","275","93","Villanova","omari-spellman","https://www.sports-reference.com/cbb/players/omari-spellman-1.html"
"2","Markell Johnson","PG","Cleveland, OHEast Tech High School","6'1''","175","80","NC State","markell-johnson","https://www.sports-reference.com/cbb/players/markell-johnson-1.html"
"3","Nick Ward","C","Gahanna, OHLincoln High School","6'8''","230","87","Michigan St","nick-ward","https://www.sports-reference.com/cbb/players/nick-ward-1.html"
"4","Xavier Simpson","PG","Lima, OHLima Senior High School","6'0''","175","86","Michigan","xavier-simpson","https://www.sports-reference.com/cbb/players/xavier-simpson-1.html"
"5","Jarron Cumberland","SG","Wilmington, OHWilmington High School","6'4''","210","85","Cincinnati","jarron-cumberland","https://www.sports-reference.com/cbb/players/jarron-cumberland-1.html"
"6","Derek Funderburk","PF","Lakewood, OHHargrave Military Academy","6'9''","210","83","Ohio State","derek-funderburk","https://www.sports-reference.com/cbb/players/derek-funderburk-1.html"
"7","Matthew Moyer","PF","Columbus, OHSouth Kent School","6'8''","205","82","Syracuse","matthew-moyer","https://www.sports-reference.com/cbb/players/matthew-moyer-1.html"
"8","Seth Towns","SF","Columbus, OHNorthland High School","6'7''","190","82","Harvard","seth-towns","https://www.sports-reference.com/cbb/players/seth-towns-1.html"
"9","Micah Potter","C","Mentor, OHMontverde Academy","6'9''","230","80","Ohio State","micah-potter","https://www.sports-reference.com/cbb/players/micah-potter-1.html"
"10","Jon Teske","C","Medina, OHMedina Senior High School","6'10''","220","80","Michigan","jon-teske","https://www.sports-reference.com/cbb/players/jon-teske-1.html"
"11","Trey Landers","SG","Huber Heights, OHWayne High School","6'5''","170","79","Dayton","trey-landers","https://www.sports-reference.com/cbb/players/trey-landers-1.html"
"12","Andre Wesson","SF","Westerville, OHWesterville South High School","6'6''","190","79","Ohio State","andre-wesson","https://www.sports-reference.com/cbb/players/andre-wesson-1.html"
"13","Willie Jackson","SF","Garfield Heights, OHGarfield Heights High School","6'5''","195","76","Missouri","willie-jackson","https://www.sports-reference.com/cbb/players/willie-jackson-1.html"
"14","Ibi Watson","SG","Pickerington, OHPickerington Central High School","6'4''","185","75","Michigan","ibi-watson","https://www.sports-reference.com/cbb/players/ibi-watson-1.html"
"15","Frankie Hughes","SG","Garfield Heights, OHGarfield Heights High School","6'4''","170","74","Missouri","frankie-hughes","https://www.sports-reference.com/cbb/players/frankie-hughes-1.html"
"16","Lepear Toles","SG","Canton, OHTimken High School","6'4''","185","74","unknown","lepear-toles","https://www.sports-reference.com/cbb/players/lepear-toles-1.html"
"17","Yavari Hall","SG","Warrensville Heights, OHWarrensville Heights High School","6'3''","185","74","Kent State","yavari-hall","https://www.sports-reference.com/cbb/players/yavari-hall-1.html"
"1","Kristian Doolittle","PF","Edmond, OKEdmond Memorial High School","6'8''","215","83","Oklahoma","kristian-doolittle","https://www.sports-reference.com/cbb/players/kristian-doolittle-1.html"
"2","Jakolby Long","SG","Edmond, OKMustang High School","6'5''","210","82","Iowa State","jakolby-long","https://www.sports-reference.com/cbb/players/jakolby-long-1.html"
"3","Lindy Waters III","SG","Norman, OKSunrise Christian Academy","6'6''","185","79","Oklahoma St","lindy-watersiii","https://www.sports-reference.com/cbb/players/lindy-watersiii-1.html"
"4","Tre Evans","PG","Edmond, OKEdmond North High School","6'1''","165","77","unknown","tre-evans","https://www.sports-reference.com/cbb/players/tre-evans-1.html"
"5","Jervae Robinson","PG","Oklahoma City, OKOnPoint Academy","6'2''","165","73","unknown","jervae-robinson","https://www.sports-reference.com/cbb/players/jervae-robinson-1.html"
"1","Payton Pritchard","PG","West Linn, ORWest Linn High School","6'0''","175","85","Oregon","payton-pritchard","https://www.sports-reference.com/cbb/players/payton-pritchard-1.html"
"2","Will Matthiessen","PF","West Linn, ORWest Linn High School","6'7''","185","60","unknown","will-matthiessen","https://www.sports-reference.com/cbb/players/will-matthiessen-1.html"
"1","Tony Carr","PG","Philadelphia, PARoman Catholic High School","6'3''","170","87","Penn State","tony-carr","https://www.sports-reference.com/cbb/players/tony-carr-1.html"
"2","DeAndre Hunter","SF","Philadelphia, PAFriends' Central School","6'7''","190","83","Virginia","deandre-hunter","https://www.sports-reference.com/cbb/players/deandre-hunter-1.html"
"3","Sedee Keita","PF","Philadelphia, PA22ft Academy","6'10''","215","82","S Carolina","sedee-keita","https://www.sports-reference.com/cbb/players/sedee-keita-1.html"
"4","Lamar Stevens","SF","Philadelphia, PARoman Catholic High School","6'6''","215","80","Penn State","lamar-stevens","https://www.sports-reference.com/cbb/players/lamar-stevens-1.html"
"5","Cheickna Dembele","C","Chambersburg, PAScotland Performance Institute","6'10''","235","80","UNLV","cheickna-dembele","https://www.sports-reference.com/cbb/players/cheickna-dembele-1.html"
"6","Sagaba Konate","C","Hermitage, PAKennedy Catholic High School","6'8''","235","79","W Virginia","sagaba-konate","https://www.sports-reference.com/cbb/players/sagaba-konate-1.html"
"7","Dylan Painter","C","Hershey, PAHershey High School","6'9''","215","78","Villanova","dylan-painter","https://www.sports-reference.com/cbb/players/dylan-painter-1.html"
"8","Nysier Brooks","C","Philadelphia, PAAdvanced Prep International","6'9''","235","77","Cincinnati","nysier-brooks","https://www.sports-reference.com/cbb/players/nysier-brooks-1.html"
"9","Nazeer Bostick","SF","Philadelphia, PARoman Catholic High School","6'4''","170","70","Penn State","nazeer-bostick","https://www.sports-reference.com/cbb/players/nazeer-bostick-1.html"
"10","Ryan Betley","SG","Downingtown, PADowningtown West High School","6'4''","170","62","Pennsylvania","ryan-betley","https://www.sports-reference.com/cbb/players/ryan-betley-1.html"
"11","Josh Sharkey","PG","Philadelphia, PAArchbishop Carroll High School","5'9''","150","61","Samford","josh-sharkey","https://www.sports-reference.com/cbb/players/josh-sharkey-1.html"
"12","Chuck Champion","SG","Philadelphia, PAFriends' Central School","6'2''","","61","Loyola (MD)","chuck-champion","https://www.sports-reference.com/cbb/players/chuck-champion-1.html"
"13","Xzavier Malone","SF","Conshohocken, PAPlymouth-Whitemarsh Sr. High School","6'4''","170","61","Rider","xzavier-malone","https://www.sports-reference.com/cbb/players/xzavier-malone-1.html"
"14","Austin Harriott","SF","Philadelphia, PAThe Hun School Of Princeton","6'4''","175","60","Loyola (MD)","austin-harriott","https://www.sports-reference.com/cbb/players/austin-harriott-1.html"
"15","Kyle Stout","SF","Allentown, PAParkland High School","6'6''","165","60","Lafayette","kyle-stout","https://www.sports-reference.com/cbb/players/kyle-stout-1.html"
"16","Ryan Daly","SF","Philadelphia, PAArchbishop Carroll High School","6'4''","185","59","Delaware","ryan-daly","https://www.sports-reference.com/cbb/players/ryan-daly-1.html"
"17","Tommy Funk","PG","Warminster, PAArchbishop Wood High School","6'0''","165","58","Army","tommy-funk","https://www.sports-reference.com/cbb/players/tommy-funk-1.html"
"18","Jaekwon Carlisle","PG","Philadelphia, PAImhotep Institute Charter High School","5'11''","","57","Hampton","jaekwon-carlisle","https://www.sports-reference.com/cbb/players/jaekwon-carlisle-1.html"
"19","Marquis Chester","SF","Chester, PAChester High School","6'6''","210","57","Delaware St","marquis-chester","https://www.sports-reference.com/cbb/players/marquis-chester-1.html"
"20","Rasheed Brown","SG","Philadelphia, PANeumann-Goretti High School","6'2''","170","57","FLA Gulf Coast","rasheed-brown","https://www.sports-reference.com/cbb/players/rasheed-brown-1.html"
"21","Christian Schmit","PG","Mars, PAMars Area High School","5'10''","","56","Furman","christian-schmit","https://www.sports-reference.com/cbb/players/christian-schmit-1.html"
"22","Devon Goodman","PG","Philadelphia, PAGermantown Academy","5'11''","150","56","Pennsylvania","devon-goodman","https://www.sports-reference.com/cbb/players/devon-goodman-1.html"
"23","Josh Warren","PF","Downingtown, PADowningtown West High School","6'8''","210","55","Cornell","josh-warren","https://www.sports-reference.com/cbb/players/josh-warren-1.html"
"1","Terrell Brown","C","Providence, RISt. Andrew's School","6'10''","215","69","unknown","terrell-brown","https://www.sports-reference.com/cbb/players/terrell-brown-1.html"
"1","Seventh Woods","SG","Columbia, SCHammond School","6'1''","185","84","N Carolina","seventh-woods","https://www.sports-reference.com/cbb/players/seventh-woods-1.html"
"2","De'Riante Jenkins","SF","Eutawville, SCHargrave Military Academy","6'5''","180","84","VCU","deriante-jenkins","https://www.sports-reference.com/cbb/players/deriante-jenkins-1.html"
"3","Jordan Bruner","PF","Columbia, SCSpring Valley High School","6'7''","190","79","Yale","jordan-bruner","https://www.sports-reference.com/cbb/players/jordan-bruner-1.html"
"1","Braxton Key","SF","Nashville, TNOak Hill Academy","6'8''","240","88","Alabama","braxton-key","https://www.sports-reference.com/cbb/players/braxton-key-1.html"
"2","Jaylen Fisher","PG","Arlington, TNBolton High School","6'2''","175","88","TCU","jaylen-fisher","https://www.sports-reference.com/cbb/players/jaylen-fisher-1.html"
"3","Abdulhakim Ado","C","Chattanooga, TNHamilton Heights Christian Academy","6'10''","240","82","Miss. St","abdulhakim-ado","https://www.sports-reference.com/cbb/players/abdulhakim-ado-1.html"
"4","Micah Thomas","SF","Memphis, TNHuntington Prep","6'7''","185","79","Maryland","micah-thomas","https://www.sports-reference.com/cbb/players/micah-thomas-1.html"
"5","Silas Adheke","C","Chattanooga, TNHamilton Heights Christian Academy","6'8''","","77","Evansville","silas-adheke","https://www.sports-reference.com/cbb/players/silas-adheke-1.html"
"1","De'Aaron Fox","PG","Katy, TXCypress Lakes High School","6'3''","160","96","Kentucky","deaaron-fox","https://www.sports-reference.com/cbb/players/deaaron-fox-1.html"
"2","Terrance Ferguson","SG","Dallas, TXAdvanced Prep International","6'7''","185","94","unknown","terrance-ferguson","https://www.sports-reference.com/cbb/players/terrance-ferguson-1.html"
"3","Jarrett Allen","C","Austin, TXSaint Stephen's Episcopal School","6'10''","220","93","Texas","jarrett-allen","https://www.sports-reference.com/cbb/players/jarrett-allen-1.html"
"4","Marques Bolden","C","Dallas, TXDeSoto High School","6'10''","254","93","Duke","marques-bolden","https://www.sports-reference.com/cbb/players/marques-bolden-1.html"
"5","Andrew Jones","SG","Irving, TXMacArthur High School","6'4''","195","89","Texas","andrew-jones","https://www.sports-reference.com/cbb/players/andrew-jones-1.html"
"6","Kameron McGusty","SG","Katy, TXSunrise Christian Academy","6'5''","165","86","Oklahoma","kameron-mcgusty","https://www.sports-reference.com/cbb/players/kameron-mcgusty-1.html"
"7","Schnider Herard","C","Plano, TXPrestonwood Christian Academy","6'10''","260","83","Miss. St","schnider-herard","https://www.sports-reference.com/cbb/players/schnider-herard-1.html"
"8","Jethro Tshisumpa","C","Dallas, TXMountain Mission School","6'10''","260","82","Arizona St","jethro-tshisumpa","https://www.sports-reference.com/cbb/players/jethro-tshisumpa-1.html"
"9","Carsen Edwards","PG","Humble, TXAtascocita High School","6'1''","175","82","Purdue","carsen-edwards","https://www.sports-reference.com/cbb/players/carsen-edwards-1.html"
"10","J.J. Caldwell","PG","Houston, TXSATCH Homeschool","5'11''","170","82","Texas A&M","jj-caldwell","https://www.sports-reference.com/cbb/players/jj-caldwell-1.html"
"11","Cameron McGriff","SF","Grand Prairie, TXSouth Grand Prairie High School","6'7''","205","80","Oklahoma St","cameron-mcgriff","https://www.sports-reference.com/cbb/players/cameron-mcgriff-1.html"
"12","Jacob Young","SG","Houston, TXJack Yates High School","6'0''","165","79","Texas","jacob-young","https://www.sports-reference.com/cbb/players/jacob-young-1.html"
"13","Nate Morris","C","Lancaster, TXLancaster High School","6'10''","250","78","Ole Miss","nate-morris","https://www.sports-reference.com/cbb/players/nate-morris-1.html"
"14","Harrison Henderson","PF","Grand Prairie, TXSouth Grand Prairie High School","6'10''","205","77","USC","harrison-henderson","https://www.sports-reference.com/cbb/players/harrison-henderson-1.html"
"15","Deandre Williams","SF","Houston, TXKlein Forest High School","6'7''","195","76","unknown","deandre-williams","https://www.sports-reference.com/cbb/players/deandre-williams-1.html"
"16","Oliver Powell","PF","Rowlett, TXRowlett High School","6'8''","200","75","Louisiana Tech","oliver-powell","https://www.sports-reference.com/cbb/players/oliver-powell-1.html"
"1","Frank Jackson","PG","Alpine, UTLone Peak High School","6'4''","200","96","Duke","frank-jackson","https://www.sports-reference.com/cbb/players/frank-jackson-1.html"
"2","Yoeli Childs","PF","South Jordan, UTBingham High School","6'6''","225","85","BYU","yoeli-childs","https://www.sports-reference.com/cbb/players/yoeli-childs-1.html"
"3","Gavin Baxter","SF","Provo, UTTimpview High School","6'7''","175","80","BYU","gavin-baxter","https://www.sports-reference.com/cbb/players/gavin-baxter-1.html"
"4","Brendan Bailey","SF","American Fork, UTAmerican Fork High School","6'8''","195","80","Marquette","brendan-bailey","https://www.sports-reference.com/cbb/players/brendan-bailey-1.html"
"5","Spencer Johnson","SF","American Fork, UTAmerican Fork High School","6'4''","170","64","Weber State","spencer-johnson","https://www.sports-reference.com/cbb/players/spencer-johnson-1.html"
"6","Jake Hendricks","SF","Smithfield, UTSky View High School","6'5''","175","63","unknown","jake-hendricks","https://www.sports-reference.com/cbb/players/jake-hendricks-1.html"
"7","Landon Trusty","PF","Bountiful, UTBountiful High School","6'7''","200","63","unknown","landon-trusty","https://www.sports-reference.com/cbb/players/landon-trusty-1.html"
"8","Asa McCord","SF","Saratoga Springs, UTWestlake High School","6'5''","170","62","unknown","asa-mccord","https://www.sports-reference.com/cbb/players/asa-mccord-1.html"
"9","Brody Childs","SF","Pleasant Grove, UTPleasant Grove High School","6'5''","175","62","unknown","brody-childs","https://www.sports-reference.com/cbb/players/brody-childs-1.html"
"10","Blaze Nield","PG","Lehi, UTLehi High School","5'11''","150","59","unknown","blaze-nield","https://www.sports-reference.com/cbb/players/blaze-nield-1.html"
"11","Wilhelm Clark","SG","Orem, UTOrem High School","6'4''","170","59","unknown","wilhelm-clark","https://www.sports-reference.com/cbb/players/wilhelm-clark-1.html"
"1","V.J. King","SF","Fairfax, VAPaul VI High School","6'7''","179","92","Louisville","vj-king","https://www.sports-reference.com/cbb/players/vj-king-1.html"
"2","Curtis Jones","SG","Highland Springs, VAHuntington Prep","6'4''","170","87","Indiana","curtis-jones","https://www.sports-reference.com/cbb/players/curtis-jones-1.html"
"3","Javin DeLaurier","PF","Shipman, VASaint Annes-Belfield High School","6'8''","205","87","Duke","javin-delaurier","https://www.sports-reference.com/cbb/players/javin-delaurier-1.html"
"4","Deshawn Corprew","SF","Norfolk, VAQuality Education Academy","6'5''","190","82","Texas A&M","deshawn-corprew","https://www.sports-reference.com/cbb/players/deshawn-corprew-1.html"
"5","Maciej Bender","PF","Grundy, VAMountain Mission School","6'10''","235","80","W Virginia","maciej-bender","https://www.sports-reference.com/cbb/players/maciej-bender-1.html"
"6","Scott Spencer","SF","Saint George, VABlue Ridge School","6'6''","","79","Clemson","scott-spencer","https://www.sports-reference.com/cbb/players/scott-spencer-1.html"
"7","Richard Washington Jr.","SF","Newport News, VAWalsingham Academy","6'5''","175","79","Wake Forest","richard-washingtonjr","https://www.sports-reference.com/cbb/players/richard-washingtonjr-1.html"
"8","Maliek White","PG","Richmond, VAGeorge Wythe High School","6'1''","170","79","Providence","maliek-white","https://www.sports-reference.com/cbb/players/maliek-white-1.html"
"9","Khadim Sy","C","Mouth of Wilson, VAOak Hill Academy","6'9''","245","79","Virginia Tech","khadim-sy","https://www.sports-reference.com/cbb/players/khadim-sy-1.html"
"10","Nick Sherod","SG","Richmond, VASt. Christopher's School","6'4''","180","79","Richmond","nick-sherod","https://www.sports-reference.com/cbb/players/nick-sherod-1.html"
"11","J.J. Matthews","PF","Richmond, VAMillwood School","6'8''","230","78","Towson","jj-matthews","https://www.sports-reference.com/cbb/players/jj-matthews-1.html"
"12","Xavier Green","SG","Williamsburg, VAWilliamsburg Christian Academy","6'6''","170","75","Old Dominion","xavier-green","https://www.sports-reference.com/cbb/players/xavier-green-1.html"
"13","De'Monte Buckingham","SF","Henrico, VAHenrico High School","6'4''","185","74","Richmond","demonte-buckingham","https://www.sports-reference.com/cbb/players/demonte-buckingham-1.html"
"14","Ako Adams","PG","Arlington, VABishop O'Connell High School","6'2''","160","72","Rice","ako-adams","https://www.sports-reference.com/cbb/players/ako-adams-1.html"
"15","Jeremy Carter-Sheppard","SG","Chesterfield, VAJohn Marshall High School","6'1''","","72","E Carolina","jeremy-carter-sheppard","https://www.sports-reference.com/cbb/players/jeremy-carter-sheppard-1.html"
"16","Grant Golden","PF","Middleton, VASt. James School","6'8''","205","70","Richmond","grant-golden","https://www.sports-reference.com/cbb/players/grant-golden-1.html"
"17","Onyx Boyd","C","Virginia Beach, VABishop Sullivan Catholic High School","6'11''","","68","unknown","onyx-boyd","https://www.sports-reference.com/cbb/players/onyx-boyd-1.html"
"18","Tyler Scanlon","PF","Chantilly, VAWestfield High School","6'7''","210","66","Boston U","tyler-scanlon","https://www.sports-reference.com/cbb/players/tyler-scanlon-1.html"
"19","Malik Johnson","PG","Chesterfield, VABlue Ridge High School","5'10''","155","63","Canisius","malik-johnson","https://www.sports-reference.com/cbb/players/malik-johnson-1.html"
"20","Justin Kier","SG","Grottoes, VASpotswood High School","6'3''","","63","George Mason","justin-kier","https://www.sports-reference.com/cbb/players/justin-kier-1.html"
"21","Damontez Oliver","SF","Richmond, VADeep Run High School","6'5''","","62","Campbell","damontez-oliver","https://www.sports-reference.com/cbb/players/damontez-oliver-1.html"
"22","C.J. Williams","SG","Richmond, VAMillwood School","6'6''","180","60","Howard","cj-williams","https://www.sports-reference.com/cbb/players/cj-williams-1.html"
"23","Travis Fields","PG","Portsmouth, VAI. C. Norcom High School","5'10''","","59","Old Dominion","travis-fields","https://www.sports-reference.com/cbb/players/travis-fields-1.html"
"24","Donald Hicks","SG","Chesapeake, VAOscar Frommel Smith High School","6'3''","170","58","Radford","donald-hicks","https://www.sports-reference.com/cbb/players/donald-hicks-1.html"
"25","Ronald Alston","SF","Alexandria, VAThe Miller School","6'6''","210","58","NJIT","ronald-alston","https://www.sports-reference.com/cbb/players/ronald-alston-1.html"
"26","Jack Lawrence","C","Alexandria, VAGonzaga College High School","6'8''","195","57","Navy","jack-lawrence","https://www.sports-reference.com/cbb/players/jack-lawrence-1.html"
"27","Mike Janowski","PG","Arlington, VASt. Stephen's & St. Agnes School","6'3''","","57","Army","mike-janowski","https://www.sports-reference.com/cbb/players/mike-janowski-1.html"
"28","Azariah Sykes","PF","Midlothian, VAMillwood School","6'7''","210","57","Morgan St","azariah-sykes","https://www.sports-reference.com/cbb/players/azariah-sykes-1.html"
"1","Sam Cunliffe","SF","Seattle, WARainier Beach High School","6'6''","195","87","Arizona St","sam-cunliffe","https://www.sports-reference.com/cbb/players/sam-cunliffe-1.html"
"2","JaQuori McLaughlin","PG","Gig Harbor, WAPeninsula High School","6'3''","160","79","Oregon St","jaquori-mclaughlin","https://www.sports-reference.com/cbb/players/jaquori-mclaughlin-1.html"
"3","Keith Smith","SF","Seattle, WARainier Beach High School","6'7''","190","78","Oregon","keith-smith","https://www.sports-reference.com/cbb/players/keith-smith-1.html"
"4","Jalen McDaniels","PF","Federal Way, WAFederal Way High School","6'9''","195","77","San Diego St","jalen-mcdaniels","https://www.sports-reference.com/cbb/players/jalen-mcdaniels-1.html"
"5","Jashaun Agosto","PG","Seattle, WAGarfield High School","6'0''","175","75","LIU Brooklyn","jashaun-agosto","https://www.sports-reference.com/cbb/players/jashaun-agosto-1.html"
"6","Isiah Brown","PG","Lynnwood, WALakeside High School","6'3''","180","75","Nrthwestrn","isiah-brown","https://www.sports-reference.com/cbb/players/isiah-brown-1.html"
"7","Alphonso Anderson","PF","Tacoma, WAGarfield High School","6'6''","205","68","Montana","alphonso-anderson","https://www.sports-reference.com/cbb/players/alphonso-anderson-1.html"
"8","Kienan Walter","PF","Vancouver, WAKing's Way Christian School","6'6''","185","67","N Dakota","kienan-walter","https://www.sports-reference.com/cbb/players/kienan-walter-1.html"
"9","Timothy Soares","C","Everson, WAMount Baker High School","6'9''","225","65","unknown","timothy-soares","https://www.sports-reference.com/cbb/players/timothy-soares-1.html"
"10","Coleman Sparling","SF","Ellensburg, WAEllensburg High School","6'7''","220","60","unknown","coleman-sparling","https://www.sports-reference.com/cbb/players/coleman-sparling-1.html"
"1","Chase Harler","SG","Wheeling, WVCentral Catholic High School","6'3''","","75","W Virginia","chase-harler","https://www.sports-reference.com/cbb/players/chase-harler-1.html"
"2","Brandon Knapper","PG","Charleston, WVSouth Charleston High School","6'1''","170","69","unknown","brandon-knapper","https://www.sports-reference.com/cbb/players/brandon-knapper-1.html"
"1","Sam Hauser","SF","Stevens Point, WIStevens Point Area Senior High School","6'6''","180","82","Marquette","sam-hauser","https://www.sports-reference.com/cbb/players/sam-hauser-1.html"
"2","Te'Jon Lucas","PG","Milwaukee, WIWashington High School","5'11''","160","79","Illinois","tejon-lucas","https://www.sports-reference.com/cbb/players/tejon-lucas-1.html"
"3","Kostas Antetokounmpo","SF","Milwaukee, WIDominican High School","6'10''","190","77","unknown","kostas-antetokounmpo","https://www.sports-reference.com/cbb/players/kostas-antetokounmpo-1.html"
