"","#","Name","GP","GS","MIN","MPG"
"1",10,"Andre Banton",2,0,26,13
"2",11,"Hudson Urbanus",2,0,38,19
"3",20,"Jahmai George",2,0,31,15.5
"4",21,"Charles Minlend",2,0,55,27.5
"5",22,"Josh Brown",2,0,49,24.5
"6",24,"Lewis Freeman",2,0,49,24.5
"7",25,"Marcus Larsson",2,0,14,7
"8",30,"Corey Douglas",2,0,52,26
"9",40,"Taylor Sweeney",2,0,30,15
"10",41,"Grant Clarke",2,0,15,7.5
"11",42,"Malik Kuwornu",2,0,33,16.5
"12",43,"Eddie Johnson-Clayton",1,0,9,9
"13",1,"Javonte Smart",1,0,0,0
"14",2,"Jandan Duggan",2,0,16,8
"15",4,"Justin Forrest",2,2,58,29
"16",5,"Precious Ayah",2,2,50,25
"17",10,"John Ogwuche",2,2,60,30
"18",12,"Victor Enoh",2,1,56,28
"19",23,"Abayomi Iyiola",2,2,25,12.5
"20",24,"Mohammed Abdulsalem",2,0,27,13.5
"21",1,"Jared Bowens",1,0,4,4
"22",3,"Mitchell Evans",1,0,15,15
"23",21,"Ikey Obiagu",1,1,9,9
"24",1,"Brandon McCarver",1,1,18,18
"25",2,"Brandon Crosby",1,0,20,20
"26",10,"Jarius Grayson",1,1,30,30
"27",15,"Justin Hopkins",1,1,24,24
"28",23,"John Petty",1,1,27,27
"29",NA,"Devonte Lanier",1,1,27,27
"30",2,"Trendon Watford",1,0,25,25
"31",4,"Nate Williams",2,0,15,7.5
"32",5,"Max Edwards",2,0,10,5
"33",6,"Jakub Jokl",2,0,14,7
"34",7,"Lars Kroshoff",2,0,26,13
"35",8,"Emil Onowasu",2,1,54,27
"36",9,"Alexander Strating",2,0,35,17.5
"37",11,"Luca Ngussen",2,0,16,8
"38",12,"Issa Thiam",2,1,58,29
"39",13,"Ivan Aurecochea",2,1,58,29
"40",15,"Karbala Gueye",2,1,33,16.5
"41",22,"Serguy Primak",2,1,60,30
"42",10,"Daan Viannen",1,0,7,7
"43",23,"Javier Menedez",1,0,6,6
"44",34,"Milan Stakic",1,0,4,4
"45",1,"John Sessums",1,1,20,20
"46",5,"Bernard Jones",1,1,25,25
"47",12,"Jalen Matthews",1,1,30,30
"48",14,"Jaylen Johnson",1,1,33,33
"49",15,"Robert Guyton",1,1,24,24
"50",10,"Jay Williams",1,0,11,11
"51",24,"Mike Green",1,0,17,17
"52",NA,"Shamorie Ponds",3,2,94,31.3
"53",NA,"Curtis Smith",3,3,82,27.3
"54",NA,"Rasheen Dunn",2,1,60,30
"55",NA,"Malachi Faison",1,0,27,27
"56",NA,"KeRome Grant",1,1,8,8
"57",NA,"Marquis Watson",1,0,25,25
"58",NA,"Jamorie Lewis",1,0,3,3
"59",NA,"Tyrie Mitchell",1,0,3,3
"60",NA,"Deante Bridgett",1,0,2,2
"61",NA,"Jordan Morgan",1,0,5,5
"62",NA,"Eric Massingale",1,0,5,5
"63",NA,"Drue Drinnon",1,1,32,32
"64",NA,"Travis Anderson",1,1,28,28
"65",NA,"Danny Lewis",1,0,0,0
"66",NA,"Chuma Okeke",1,0,0,0
"67",NA,"Jamie Lewis",1,0,0,0
"68",NA,"Dimencio Vaughn",1,1,35,35
"69",NA,"Andre Garcia",1,1,18,18
"70",10,"Kaleb Main",1,1,18,18
"71",23,"Samuel Ibiezugbe",1,1,34,34
"72",3,"CJ Donaldson",1,1,33,33
"73",1,"Ben Eke",1,0,23,23
"74",11,"DaRon Hughey",1,0,23,23
"75",5,"Josh Moncrieffe",1,0,7,7
"76",3,"Robert Martin Jr.",1,1,40,40
"77",4,"Brett Hanson",1,1,39,39
"78",11,"Marcus Zegarowski",1,1,32,32
"79",31,"Kyle Wright",1,1,24,24
"80",33,"Ryan Layman",1,1,28,28
"81",1,"Sarju Patel",1,0,18,18
"82",5,"Phil Edwards",1,0,11,11
"83",25,"Max Zegarowski",1,0,7,7
"84",25,"Adam Saeed",2,0,2,1
"85",11,"Alex Torres",1,0,31,31
"86",13,"Jordan Giles",1,0,27,27
"87",24,"Romani Hansen",1,0,28,28
"88",33,"Aaron Anderson",1,0,18,18
"89",NA,"Andrew Anderson",1,0,11,11
"90",10,"Carlos Adair",1,0,13,13
"91",12,"T Ross-Patterson",1,0,1,1
"92",22,"Schneider Casseus",1,0,7,7
"93",NA,"Godwin Boahen",2,1,25,12.5
"94",NA,"Marquell Fraser",2,1,28,14
"95",NA,"Jerimiah Usiosefe",2,1,25,12.5
"96",35,"Justin Jackson",2,1,27,13.5
"97",22,"Alex Christie",1,1,18,18
"98",3,"Dasha Lalor-Crooks",1,0,9,9
"99",7,"Brandon John",1,0,12,12
"100",21,"Nicholas Russell",1,0,7,7
"101",5,"Ryan Beddeo",1,0,17,17
"102",11,"Deleon Brown",1,0,23,23
"103",25,"Zach Cameron",1,0,3,3
"104",1,"Alpha Diallo",1,0,20,20
"105",21,"Malik Fitts",1,0,18,18
"106",10,"Rapolas Ivanauskas",1,0,35,35
"107",2,"CJ Keyser",1,0,18,18
"108",4,"Jack Lieb",1,0,13,13
"109",12,"Conor Peterson",1,0,1,1
"110",3,"Jake Rudolph",1,0,13,13
"111",0,"Semih Say",1,0,10,10
"112",23,"Aaren Smith",1,0,2,2
"113",35,"Taurean Thompson",1,0,27,27
"114",3,"Kai Toews",2,1,66,33
"115",4,"Joey Downes",2,1,72,36
"116",12,"Malcolm Moye",2,0,30,15
"117",21,"Elijah Campbell",2,0,43,21.5
"118",22,"Michael Sypniewski",2,0,6,3
"119",24,"Carter Skaggs",2,1,68,34
"120",30,"Maurice Brown",2,1,56,28
"121",32,"Sammy Linn",2,0,35,17.5
"122",33,"Webster Liao",2,1,12,6
"123",15,"Dino Bradaric",1,0,3,3
"124",20,"Danny Yu",1,0,8,8
"125",NA,"David Dileo",2,2,63,31.5
"126",NA,"Jimbo Lull",2,2,39,19.5
"127",NA,"Malik Massey",2,2,64,32
"128",NA,"Taylor Bennett",2,0,3,1.5
"129",NA,"Walker Miller",2,0,39,19.5
"130",NA,"Will Rayman",2,2,65,32.5
"131",NA,"Donovan Love",2,2,52,26
"132",NA,"Anthony Gaines",1,0,21,21
"133",NA,"Chris Stocks",1,0,23,23
"134",NA,"Will Swindells",1,0,21,21
"135",30,"Andrew Platek",3,0,34,11.3
"136",1,"Ian Sistare",2,1,59,29.5
"137",5,"Akeil Shakoor",2,0,36,18
"138",20,"Kellan Grady",2,1,52,26
"139",21,"Nick Seretta",2,1,35,17.5
"140",22,"Jerome Desrosiers",2,0,39,19.5
"141",25,"AJ Brodeur",2,1,46,23
"142",33,"Tomas Murphy",2,1,23,11.5
"143",34,"Chuck Hannas",2,0,25,12.5
"144",42,"David Reynolds",2,0,17,8.5
"145",44,"Matt DeWolf",2,0,10,5
"146",4,"Matt Donahue",1,0,3,3
"147",10,"Calvin Whipple",1,0,0,0
"148",15,"Patrick Racy",1,0,7,7
"149",32,"Nate Laszewski",1,0,8,8
"150",35,"Maxwell Lorca",1,0,9,9
"151",NA,"Christian Vital",5,1,86,17.2
"152",NA,"Omari Spellman",3,1,51,17
"153",NA,"Charlie Brown",2,1,55,27.5
"154",NA,"Arkel Ager-Lamar",2,1,45,22.5
"155",NA,"Kai Mitchell",2,0,24,12
"156",NA,"Julian Batts",2,1,63,31.5
"157",NA,"Canaan Bartley",2,0,36,18
"158",NA,"Ryogo Sumino",2,0,24,12
"159",NA,"Trey Witter",2,0,8,4
"160",NA,"EJ Crawford",1,0,10,10
"161",NA,"Milo Luciano",1,0,3,3
"162",NA,"Luke Olshtorn",1,0,10,10
"163",NA,"Mike Sagay",1,0,5,5
"164",NA,"Saul Phiri",2,0,45,22.5
"165",NA,"Mamadou Diarra",2,0,46,23
"166",NA,"Chuba Ohams",2,0,27,13.5
"167",NA,"Tyere Marshall",2,0,43,21.5
"168",NA,"Collin Sawyer",2,0,28,14
"169",NA,"Jaheam Cornwall",2,0,44,22
"170",NA,"Tyreek Perkins",2,0,42,21
"171",NA,"Eric Ayala",2,0,32,16
"172",NA,"Darnell Brodie",2,0,15,7.5
"173",NA,"Kevin Smith",2,0,13,6.5
"174",NA,"Danny Salamah",1,0,2,2
"175",NA,"Sean Delany",1,0,11,11
"176",NA,"Taurian Archie",1,0,3,3
"177",NA,"Brandon Steed",1,0,8,8
"178",NA,"Hamidou Diallo",1,0,14,14
"179",NA,"Brandon Hurst",1,0,5,5
"180",2,"Chris Childs",2,1,66,33
"181",3,"Miles Lester",2,1,51,25.5
"182",15,"Brenden Vessichio",2,1,59,29.5
"183",32,"Wenyen Gabriel",2,1,69,34.5
"184",33,"Brycen Harris",2,1,39,19.5
"185",10,"Dakota Wheeler",2,0,22,11
"186",12,"Julian Alexis",2,0,31,15.5
"187",21,"Phillip Borninkof",2,0,27,13.5
"188",11,"Evan Lanoue",1,0,9,9
"189",4,"Tyler Lennon",1,0,7,7
"190",5,"Aleem Ford",3,2,77,25.7
"191",12,"Jacob Winston",3,2,64,21.3
"192",22,"D'Mitrik Trice",3,2,108,36
"193",30,"KJ Smith",3,2,105,35
"194",2,"Trewston Pierce",3,1,85,28.3
"195",21,"Sam Mack Jr.",3,0,49,16.3
"196",24,"Ivo Van Tamm",3,1,64,21.3
"197",3,"Henry Woo",2,0,9,4.5
"198",1,"Jonathan Isaac",1,0,23,23
"199",4,"Chuck Igari",1,0,5,5
"200",20,"Sean Stem",1,0,3,3
"201",34,"Isaiah Herrera",1,0,8,8
"202",NA,"MIchael Porter Jr.",3,3,92,30.7
"203",NA,"Isaiah Wilson",3,2,91,30.3
"204",NA,"Mason Schlotzhauer",2,0,46,23
"205",21,"Kenan Brooks",2,2,31,15.5
"206",23,"Caleb Houghton",2,2,49,24.5
"207",NA,"Jontay Porter",1,1,30,30
"208",NA,"Tyler Harrison",1,0,1,1
"209",13,"Damon Jennings",1,0,7,7
"210",NA,"Brandon Randolph",2,1,66,33
"211",NA,"Mohamed Bamba",2,1,67,33.5
"212",NA,"Cameron Reddish",2,1,67,33.5
"213",NA,"Jair Bolden",1,0,31,31
"214",NA,"Najja Hunter",1,1,32,32
"215",NA,"Anthony Ochefu",1,0,7,7
"216",NA,"Leo Petit",1,0,1,1
"217",NA,"Bruce Brown",2,0,39,19.5
"218",NA,"Tyrique Jones",2,0,29,14.5
"219",22,"Will Brady",2,0,17,8.5
"220",34,"Marcos Santos-Silva",2,0,16,8
"221",NA,"Christian David",1,0,28,28
"222",NA,"Nick Brooks",1,0,3,3
"223",NA,"Bailey Patella",1,0,19,19
"224",NA,"Corey Romich",1,0,12,12
"225",4,"Greg Bowie",1,0,0,0
"226",3,"Jayson Hankins",2,1,33,16.5
"227",5,"De'Riante Jenkins",2,1,74,37
"228",10,"Braxton Beverly",2,1,75,37.5
"229",40,"Evan Wieck",2,1,48,24
"230",1,"Makale Foreman",1,0,19,19
"231",3,"Tim Cameron",1,0,29,29
"232",24,"Derek Funderburk",1,0,34,34
"233",32,"Austin Burnette",1,0,18,18
"234",12,"Brooks Ely",1,1,30,30
"235",NA,"Jeremy Williams",1,0,3,3
"236",11,"Seth McCoy",1,0,19,19
"237",20,"Cameron Hedgpath",1,0,20,20
"238",NA,"Sacha  Killeya-Jones",1,1,31,31
"239",NA,"Justice Kithcart",1,1,25,25
"240",NA,"Adam Sledd",1,1,24,24
"241",NA,"Kevin Quinn",1,1,26,26
"242",11,"Bryce Aiken",2,2,59,29.5
"243",13,"Cyril Langevine",2,2,48,24
"244",21,"Bul Ajang",2,0,17,8.5
"245",4,"Jamir Harris",2,2,53,26.5
"246",1,"Marcus McClary",2,2,40,20
"247",2,"Jordan Walker",2,0,53,26.5
"248",32,"Buay Koka",2,0,7,3.5
"249",25,"Fatir Hines",2,2,46,23
"250",3,"Brandt Roundtree",2,0,10,5
"251",33,"Al-Amir Dawes",1,0,9,9
"252",NA,"Christian Negron",1,0,27,27
"253",NA,"AJ Hunter",1,0,29,29
"254",NA,"Keyvon Kyles",1,0,32,32
"255",13,"Amir Coffey",1,0,0,0
"256",5,"Jullen Ison",1,0,0,0
"257",10,"Alex Johnson",1,0,0,0
"258",11,"Damari Milstead",1,0,0,0
"259",12,"Terrell Brown",1,0,0,0
"260",24,"Oscar Frayer",1,0,0,0
"261",NA,"Trae Young",1,0,0,0
"262",1,"Jamal Johnson",4,4,124,31
"263",50,"Austin Wiley",4,4,111,27.8
"264",5,"Justin Brown",3,3,74,24.7
"265",2,"Parker Boswell",1,1,29,29
"266",11,"Trevor Williams",1,0,5,5
"267",15,"Ronald Fortson",1,0,8,8
"268",22,"Jamison Floyd",1,1,29,29
"269",24,"Gordie Stewart",1,0,5,5
"270",42,"Bailey Defalco",1,0,3,3
"271",0,"Rayshaun Hammonds",1,1,26,26
"272",NA,"Kyle Sturdivant",1,1,29,29
"273",NA,"Andre Wesson",5,4,96,19.2
"274",NA,"Kaleb Wesson",4,3,109,27.2
"275",NA,"Jordan Humphrey",3,3,69,23
"276",NA,"Ennis Thomas",3,2,66,22
"277",NA,"Antoine Smith",2,0,36,18
"278",NA,"Daylan Haynie",2,1,48,24
"279",NA,"Cameron Caldwell",2,0,11,5.5
"280",NA,"Jelani Rogers",1,1,0,0
"281",NA,"Anthony Mills",1,1,17,17
"282",4,"Hafiz Turay",1,0,0,0
"283",NA,"Amidou Bamba",3,0,12,4
"284",NA,"Ty Graves",2,2,54,27
"285",NA,"Ben Robertson",2,0,11,5.5
"286",NA,"Michal Seals",2,1,28,14
"287",NA,"Jalen Seegars",2,2,47,23.5
"288",NA,"Michael Huiett",2,1,21,10.5
"289",NA,"Edrice Adebayo",2,2,58,29
"290",NA,"Reece Bogan",1,0,12,12
"291",1,"Jalen Cone",1,0,3,3
"292",3,"Phil Baumgartner",1,1,32,32
"293",11,"Gerard Simpkins",1,1,32,32
"294",22,"Evan Tebay",1,1,15,15
"295",25,"Lance Tebay",1,1,32,32
"296",55,"Onyx Boyd",1,1,18,18
"297",1,"Jason Ford",1,0,7,7
"298",2,"Amir Nesbitt",1,0,8,8
"299",12,"Jahvon John",1,0,14,14
"300",13,"Jacob Sobers",1,0,2,2
"301",5,"David Jean-Baptiste",3,2,60,20
"302",20,"Dewan Huell",3,2,81,27
"303",12,"Tyrik Waite",2,2,41,20.5
"304",1,"Kennith Rolle",2,0,28,14
"305",10,"Jonathan Andre",2,2,35,17.5
"306",22,"Trevoris Waugh",2,1,29,14.5
"307",24,"Tevin Jones",2,0,21,10.5
"308",33,"Reece Wilkerson",2,0,5,2.5
"309",35,"Ernel Foster",2,0,31,15.5
"310",44,"Immanuel West",2,0,12,6
"311",4,"Caron Raye",1,0,12,12
"312",11,"Matthew Huson",1,0,12,12
"313",5,"Milan Acquaah",1,0,0,0
"314",23,"Kevin Knox",22,1,33,1.5
"315",3,"Thomas Dziagwa",15,1,32,2.1
"316",1,"Jessy St. Marc",5,1,30,6
"317",21,"Tai Strickland",5,1,28,5.6
"318",20,"Bentlee Sanders",2,0,4,2
"319",0,"Darren Robinson",1,0,20,20
"320",4,"Dylan Wood",1,0,4,4
"321",15,"Austin Speck",1,0,2,2
"322",24,"Nick Giorgi",1,1,8,8
"323",33,"Ahmad Everett",1,0,1,1
"324",14,"Thon Maker",1,1,0,0
"325",0,"Dontae Mitchell",1,1,0,0
"326",1,"Quinton Gray",1,1,0,0
"327",NA,"James Lewis",1,1,18,18
"328",NA,"Nate Hinton",1,1,29,29
"329",NA,"Colton Cashaw",1,1,32,32
"330",NA,"Donovan Gregory",1,0,18,18
"331",5,"Isaiah Best",1,1,10,10
"332",NA,"Coleman Blakenship",1,1,10,10
"333",1,"Chris Martin",1,0,17,17
"334",NA,"Evan Umstead",1,0,3,3
"335",14,"MIchael McKoy",1,0,5,5
"336",20,"Martin Maide",1,0,14,14
"337",21,"Marcus Plait",1,0,4,4
"338",NA,"Mike Okauru",1,1,31,31
"339",35,"Ian Dubose",1,1,27,27
"340",NA,"Douglas Elks",1,0,15,15
"341",NA,"PJ Stephens",1,1,25,25
"342",11,"Andrew Ejiofor",1,1,28,28
"343",22,"Tommy Corchiani",1,1,25,25
"344",20,"Nate Cohen",1,0,3,3
"345",42,"Johnny McNeill",1,0,3,3
"346",40,"Jake Van Der Heijden",1,0,3,3
"347",NA,"Marquis Godwin",1,0,17,17
"348",NA,"John Fulkerson",1,0,26,26
"349",NA,"Christian Nichola",1,0,9,9
"350",NA,"Zach Reeves",1,1,15,15
"351",2,"Williams Fleming",1,1,20,20
"352",10,"James West",1,1,22,22
"353",11,"Matt Halvorson",1,1,20,20
"354",NA,"Seth Scott",1,0,1,1
"355",1,"Justin Rhode",1,0,12,12
"356",4,"Morgan McKay",1,0,15,15
"357",12,"Jacob Conerly",1,0,3,3
"358",15,"Steven Rwahwire",1,1,21,21
"359",1,"Daniel Sackey",1,1,31,31
"360",30,"Wheza Panzo",1,1,31,31
"361",43,"Olawale Odofin",1,1,12,12
"362",10,"James Shodimu",1,0,16,16
"363",33,"Raymond Smith",1,0,16,16
"364",44,"Uglijesa Portic",1,0,11,11
"365",52,"Tony Chukwuemeke",1,0,14,14
"366",54,"Ousmane Ndim",1,1,12,12
"367",33,"Nick Claxton",3,3,85,28.3
"368",50,"Tyrell Mendenhall",3,0,22,7.3
"369",32,"Jashaun Smith",3,3,89,29.7
"370",24,"Miguel Priest",3,3,71,23.7
"371",12,"Mohamed Touray",3,3,89,29.7
"372",22,"Deshaun Leftwich",3,0,37,12.3
"373",3,"Iziah James",3,3,80,26.7
"374",23,"Anthony Slaton",2,0,15,7.5
"375",21,"CJ Jamison",2,0,2,1
"376",40,"Darrion Clinton",1,0,7,7
"377",4,"Abdulhakim Ado",2,2,57,28.5
"378",12,"Therren Shelton-Szmidt",2,2,62,31
"379",22,"Shai Gilgeous-Alexander",2,2,66,33
"380",15,"Nickeil Alexander-Walker",2,1,66,33
"381",24,"Ezekiel Balogun",2,0,23,11.5
"382",33,"Silas Adheke",2,2,51,25.5
"383",1,"Mohammed Abubakar",1,0,12,12
"384",21,"CJ Massengill",1,0,2,2
"385",NA,"Anthony Cowan",1,1,31,31
"386",NA,"Jeffrey Dowtin Jr.",1,0,30,30
"387",NA,"Kylia Sykes",1,0,20,20
"388",23,"Martins Igbanu",1,0,0,0
"389",NA,"Bruno Solomun",1,1,29,29
"390",NA,"Nick Evtimov",1,1,27,27
"391",NA,"Tripp  Green",1,1,24,24
"392",NA,"Matty Edwards",1,1,24,24
"393",15,"Brandon Long",1,1,26,26
"394",3,"Grant Cain",1,0,13,13
"395",11,"Chase Walter",1,0,1,1
"396",20,"Ivan Millcevic",1,0,12,12
"397",24,"Jalen Singleton",1,0,4,4
"398",5,"Jalen Harris",1,0,0,0
"399",20,"Rawle Alkins",1,0,0,0
"400",1,"Marcus Ottey",2,0,74,37
"401",13,"Jordan Blount",2,0,59,29.5
"402",14,"Aldas Kavaliauskas",2,0,55,27.5
"403",25,"Tyrell Gumbs-Frater",2,0,37,18.5
"404",45,"Marko Cuze",2,0,49,24.5
"405",20,"Nick Korniek",2,0,14,7
"406",31,"Matthias Kelly",2,0,38,19
"407",32,"Babacar Cisse",2,0,8,4
"408",34,"Yalim Olcay",2,0,37,18.5
"409",2,"Marcell Haskett",1,0,3,3
"410",22,"Biel Lianso",1,0,1,1
"411",10,"Kajon Gordon-Stephen",1,0,3,3
"412",21,"Eskor Edem",1,0,21,21
"413",NA,"Maciej Bender",1,1,23,23
"414",NA,"Harold Baruti",1,1,29,29
"415",NA,"Keshon Montague",1,1,21,21
"416",NA,"Jakub Mijakowski",1,0,12,12
"417",NA,"Jethro Tshisumpa",1,1,22,22
"418",24,"Diogo Brito",1,1,19,19
"419",1,"Symon Walczak",1,0,17,17
"420",3,"Florent Thamba",1,0,5,5
"421",5,"Bikum Biyambo",1,0,2,2
"422",23,"Nathan Mepandy",1,0,11,11
"423",1,"Roman Young",6,3,17,2.8
"424",12,"Bryan Trimble",5,3,22,4.4
"425",10,"Radshad Davis",4,3,17,4.2
"426",24,"Derrick Walker",3,3,17,5.7
"427",3,"GJ Rolle",3,0,2,0.7
"428",11,"Jonah Antonio",2,0,2,1
"429",2,"Khameron Davis",2,0,0,0
"430",22,"Isiah Jasey",1,0,13,13
"431",33,"Charles Bain",1,0,8,8
"432",21,"Kameron  McGusty",1,0,24,24
"433",42,"Matt Harms",1,0,10,10
"434",22,"Jamil Wilson",1,1,28,28
"435",14,"Brian Alvey",1,1,26,26
"436",5,"Clivonte Patterson",1,1,13,13
"437",NA,"Sidney Wilson",1,1,31,31
"438",3,"Payton Pritchard",5,4,161,32.2
"439",1,"Jaydon Grant",4,2,131,32.8
"440",22,"Brooks DeBisschop",3,3,85,28.3
"441",23,"Tate Hoffman",3,1,82,27.3
"442",13,"Will Mathiessen",3,1,93,31
"443",15,"Nathan Dombrow",1,1,0,0
"444",10,"Colin Shearmire",1,0,14,14
"445",11,"Tim Tawa",1,0,1,1
"446",24,"Jake Perkins",1,0,1,1
"447",30,"Jaylen Thompson",1,0,4,4
"448",NA,"De'Aaron Fox",1,0,0,0
"449",NA,"Trevon Duval",3,1,32,10.7
"450",NA,"Terrance Ferguson",3,0,30,10
"451",NA,"Robert Brown",2,0,5,2.5
"452",NA,"Mark Vital",2,1,28,14
"453",NA,"Billy Preston",2,1,27,13.5
"454",NA,"Nysier Brooks",2,1,22,11
"455",NA,"Terrell McGee",2,0,7,3.5
"456",NA,"Steven Jordan",1,0,0,0
"457",NA,"Elijah Elliott",1,0,4,4
"458",11,"Malik Curry",1,0,1,1
"459",20,"Jalen Henry",1,0,1,1
"460",2,"Jarred Vanderbilt",1,0,0,0
"461",15,"Frank Jackson",1,0,0,0
"462",NA,"Gabriel Osabuohien",1,0,0,0
"463",NA,"Shakur Daniel",1,0,0,0
"464",NA,"Rasir Bolton",1,0,0,0
"465",NA,"VJ King",3,1,29,9.7
"466",NA,"Brandon Slater",3,1,27,9
"467",NA,"Anthony Harris",3,0,15,5
"468",NA,"Corey Manigault",2,1,28,14
"469",NA,"Myles Douglas",2,1,22,11
"470",NA,"Vincent Lee",1,0,8,8
"471",NA,"Aaron Thompson",1,1,27,27
"472",0,"Chris Lykes",1,0,0,0
"473",NA,"Sam Hauser",1,1,0,0
"474",NA,"Joey Hauser",1,1,0,0
"475",NA,"Trevor Anderson",1,1,0,0
"476",NA,"Sam Cunliffe",2,1,29,14.5
"477",NA,"Keith Smith",1,1,28,28
"478",NA,"Kendall Williams",1,1,1,1
"479",NA,"Kevin Porter Jr.",1,1,31,31
"480",NA,"Khalil Shabazz",1,1,23,23
"481",NA,"Marquis Gurski",1,0,19,19
"482",NA,"Nkeil Nelson",1,1,16,16
"483",NA,"Travis Washington",1,0,9,9
"484",NA,"Tijon Rodde",1,0,5,5
"485",5,"Malik Monk",1,0,0,0
"486",2,"Lonzo Ball",4,4,100,25
"487",1,"LaMelo Ball",3,3,84,28
"488",0,"Elizjah Scott",3,3,87,29
"489",3,"LiAngelo Ball",3,3,100,33.3
"490",21,"Onyeka Okongwu",3,3,89,29.7
"491",5,"Andre Ball",1,0,12,12
"492",20,"Cameron Shelton",1,0,12,12
"493",20,"De'ron Davis",2,0,0,0
"494",NA,"Jervae Robinson",1,0,0,0
"495",NA,"Tyler Polley",2,0,0,0
"496",NA,"Luis Hurtado",1,0,0,0
"497",NA,"Koch Bar",2,2,48,24
"498",NA,"Alonzo Verge Jr.",2,0,23,11.5
"499",NA,"Luguentz Dort",2,2,42,21
"500",NA,"Damir Hedzic",2,2,29,14.5
"501",NA,"Ty Gadsden",2,2,39,19.5
"502",NA,"Alston Davis",2,2,31,15.5
"503",NA,"Danya Kingsby",2,0,30,15
"504",NA,"Justin Route",2,0,25,12.5
"505",NA,"Essam Tame Mostafa",2,0,5,2.5
"506",NA,"Donovan Dean",1,0,1,1
"507",NA,"Jared Dougherty",1,0,6,6
"508",NA,"Fotis Malelis",1,0,5,5
"509",NA,"Diondre Williams",1,0,6,6
"510",NA,"Vincent Vent",1,0,9,9
"511",NA,"Sehill Mouliom",1,0,15,15
"512",35,"Udoka Azubuike",1,0,27,27
"513",1,"DJ Russell",1,0,21,21
"514",3,"Mike McDougal",1,0,19,19
"515",23,"Ricquail Smoot",1,0,18,18
"516",NA,"Darius Days",1,0,0,0
"517",NA,"Chaundee Brown",3,2,76,25.3
"518",22,"Malik William",3,2,81,27
"519",1,"Cole DenBesten",2,2,54,27
"520",4,"Greg Summers",2,2,46,23
"521",13,"Elijah Jordan",2,2,63,31.5
"522",2,"Rahsaan Lewis",1,0,1,1
"523",5,"Daniel West",1,0,1,1
"524",11,"Isaiah Richardson",1,0,5,5
"525",12,"Jonah Baker",1,0,7,7
"526",32,"Tre Johnson",1,0,11,11
"527",NA,"Tony Bradley",5,5,143,28.6
"528",NA,"Justin Serrano",3,3,72,24
"529",NA,"TJ Harvin",2,2,58,29
"530",NA,"Timothy Jordan",2,2,57,28.5
"531",NA,"William Craig",2,1,36,18
"532",NA,"Christopher Butler",1,1,4,4
"533",NA,"Kamel Smith",1,0,20,20
"534",NA,"Travion Hodge",1,0,13,13
"535",NA,"Jalon Borders",1,0,1,1
"536",3,"Alterique Gilbert",1,0,0,0
"537",NA,"Nick Rakocevic",1,1,32,32
"538",NA,"Joffari Brown",1,1,31,31
"539",NA,"Marquise Walker",1,1,26,26
"540",4,"Devearl Ramsey",2,2,29,14.5
"541",10,"Hunter Bleeden",2,0,4,2
"542",13,"Michael Feinberg",2,0,19,9.5
"543",5,"Adam Seiko",1,1,21,21
"544",2,"Cody Riley",1,1,26,26
"545",33,"Joe Wallace",1,0,14,14
"546",11,"Kohl Hollinquest",1,0,1,1
"547",1,"Remy Martin",1,1,25,25
"548",3,"Terrance McBride",1,1,20,20
"549",21,"William Washington",1,0,2,2
"550",NA,"Bourama Sidibe",1,1,24,24
"551",NA,"Arnaldo Toro",1,1,31,31
"552",NA,"James Scott",1,1,29,29
"553",NA,"David Beatty",1,1,31,31
"554",NA,"Jayden Saddler",1,1,25,25
"555",NA,"Warren Williams",1,0,9,9
"556",NA,"Damon Wall",1,0,11,11
"557",NA,"Kobi Simmons",2,2,45,22.5
"558",3,"Anthony Showell",2,2,51,25.5
"559",NA,"Chance Anderson",1,1,21,21
"560",NA,"Darius Perry",3,2,80,26.7
"561",NA,"Cam Jordan",3,2,76,25.3
"562",NA,"Makhai Eastmond",3,2,76,25.3
"563",NA,"Romello White",3,2,82,27.3
"564",NA,"Al-Wajid Aminu",3,2,73,24.3
"565",NA,"Kenny Aninye",2,0,48,24
"566",NA,"Rodolzo Lewis",2,0,8,4
"567",NA,"Khalil Hawkins",1,0,1,1
"568",NA,"Reikan Donaldson",1,0,6,6
"569",NA,"Sam Jackson",1,0,2,2
"570",NA,"Rasheed Browne",3,1,31,10.3
"571",NA,"Dhamir Cosy-Roundtree",2,1,15,7.5
"572",NA,"Zane Martin",2,1,26,13
"573",NA,"Emil Moody",1,0,14,14
"574",NA,"Vaughn Covington",1,1,28,28
"575",NA,"Quade Green",1,1,31,31
"576",NA,"Noah Warren",1,0,1,1
"577",11,"Josh Jackson",1,0,0,0
"578",2,"Pierre Crockrell II",1,0,0,0
"579",12,"LJ Figueroa",4,3,50,12.5
"580",1,"Troy Baxter",3,2,63,21
"581",2,"Eric Hester",2,2,58,29
"582",5,"Elijah Weaver",2,2,49,24.5
"583",20,"Jerome Merritt",2,1,32,16
"584",13,"Dontay Bassett",2,1,43,21.5
"585",10,"Carlos Acevedo",2,0,14,7
"586",NA,"Antwann Jones",2,0,29,14.5
"587",24,"Jhakheem Smith",1,0,2,2
"588",0,"Markus Howard",2,1,21,10.5
"589",3,"Carlos Johnson",1,1,18,18
"590",11,"O'Shae Brissett",1,0,20,20
"591",4,"Skylar Mays",1,1,20,20
"592",12,"Tristan Clark",1,1,23,23
"593",5,"PJ Washington",1,1,21,21
"594",15,"Spencer Washington",1,0,10,10
"595",2,"Shakwon Barrett",1,0,15,15
"596",1,"De'Von  Cooper",1,0,13,13
"597",24,"Lamine Diane",1,0,11,11
"598",35,"Tadas Kararinas",1,0,10,10
"599",1,"Jashaun Agosto",4,3,68,17
"600",10,"Alphonso Anderson",3,2,61,20.3
"601",33,"J'Raan Brooks",3,1,53,17.7
"602",3,"Terrell Brown",3,3,75,25
"603",5,"Jaylen Nowell",3,3,64,21.3
"604",35,"PJ Fuller",3,0,31,10.3
"605",11,"O'Landa Baker",3,1,24,8
"606",NA,"Jelani Howard",2,0,3,1.5
"607",2,"Daejon Davis",2,2,48,24
"608",24,"Jamon Kemp",2,0,7,3.5
"609",4,"DJ White",1,0,2,2
"610",34,"Dawit Nuguse",1,0,1,1
"611",NA,"JP Moorman",4,2,56,14
"612",NA,"John Newman",4,2,77,19.2
"613",NA,"Will Dillard",4,2,50,12.5
"614",NA,"Travon Mayo",4,3,69,17.2
"615",NA,"Jordan Perkins",3,2,53,17.7
"616",NA,"Alex Michael",3,0,24,8
"617",NA,"Solomon Smith",3,1,32,10.7
"618",NA,"Pearce Landry",2,0,7,3.5
"619",NA,"Will Hemphill",2,0,1,0.5
"620",NA,"Jerome Thompson",2,0,4,2
"621",NA,"Tristan Perry",2,0,4,2
"622",NA,"Adam Calhoun",1,0,1,1
"623",NA,"Matthew Hudson",1,0,0,0
"624",NA,"Spencer Freedman",1,1,32,32
"625",NA,"Justice Sueing",1,1,24,24
"626",NA,"Jakolby Long",3,2,64,21.3
"627",NA,"Curtis Haywood",2,2,54,27
"628",NA,"York Benjamin",2,2,43,21.5
"629",NA,"Kejuan Frazier",1,1,23,23
"630",NA,"__ Roberts",1,1,12,12
"631",1,"Andre' Toure",1,0,5,5
"632",13,"Deshawn Corprew",1,1,28,28
"633",32,"Malik Brevard",1,1,21,21
"634",22,"Papa N'Diaye",1,0,17,17
"635",11,"Renathan Ona Embo",1,1,18,18
"636",24,"Keith Stagg",1,1,25,25
"637",33,"Marsellis Purvis",1,1,17,17
"638",23,"Tremaine Lawrence",1,0,4,4
"639",10,"Sina Gbaedao",1,0,11,11
"640",12,"Jaylan McGill",1,0,14,14
"641",11,"Lamar Stevens",5,3,87,17.4
"642",10,"Tony Carr",4,3,92,23
"643",4,"Nazeer Bostick",4,3,87,21.8
"644",5,"D'Andre Vilmar",3,2,45,15
"645",35,"Paul Newman",2,2,35,17.5
"646",24,"Dakquan Davis",2,0,28,14
"647",20,"Mikael Jones",2,0,13,6.5
"648",3,"JP Sanders",1,0,15,15
"649",12,"Seth Lundy",1,0,1,1
"650",15,"Anthony Dawson",1,0,1,1
"651",NA,"Matt Bullock",1,0,0,0
"652",NA,"Andre Rafus",1,0,0,0
"653",NA,"Gary Trent Jr.",4,1,0,0
"654",NA,"Tre Jones",4,1,0,0
"655",NA,"Brock Bertram",3,0,0,0
"656",NA,"Jordan Bolton",2,0,0,0
"657",NA,"Cameron Kirksey",2,0,0,0
"658",NA,"__ Ertz",2,0,0,0
"659",NA,"__ Reddick",2,0,0,0
"660",NA,"__ Martens",2,0,0,0
"661",NA,"__ Hendrickson",2,0,0,0
"662",NA,"__ Thomas",1,0,0,0
"663",NA,"__ Morse",1,0,0,0
"664",12,"Zach Collins",2,1,28,14
"665",NA,"Christian PoPoola",1,1,31,31
"666",NA,"Jamal Bey",1,1,13,13
"667",30,"Travis Rice",1,1,15,15
"668",22,"Byron Frohnen",1,0,26,26
"669",13,"Ryan Kiley",1,0,7,7
"670",0,"Jarrett Jordan",1,0,1,1
"671",NA,"Saxton Howard",1,0,6,6
"672",22,"Jayson Tatum",8,3,121,15.1
"673",1,"Reggie Crawford",5,2,68,13.6
"674",12,"Isaac Olson",5,0,38,7.6
"675",NA,"Jericole Hellems",4,3,48,12
"676",2,"Michael Lewis II",4,4,84,21
"677",11,"Will Gladson",4,4,72,18
"678",21,"Tyler Cook",4,3,82,20.5
"679",NA,"Jadis White",4,0,27,6.8
"680",10,"Karrington Davis",3,0,15,5
"681",33,"Marin Vrucinic",3,0,33,11
"682",NA,"Taylor Jeffries",3,0,17,5.7
"683",42,"David Hermeling",1,0,2,2
"684",14,"Roderick Campbell",1,0,2,2
"685",10,"Jose Alvarado",1,0,30,30
"686",11,"Jared Rivers",1,0,25,25
"687",20,"Markelle Fultz",6,3,81,13.5
"688",3,"Nate Darling",6,3,46,7.7
"689",5,"DJ Harvey",6,3,75,12.5
"690",25,"Josh Carlton",5,3,35,7
"691",2,"Kellon Taylor",5,0,49,9.8
"692",0,"Ryan Allen",5,3,62,12.4
"693",1,"Reggie Gardner",4,0,18,4.5
"694",12,"Marvin Price",4,0,22,5.5
"695",24,"Christian Dyches",3,0,14,4.7
"696",11,"John McRae",3,0,16,5.3
"697",4,"Justin Moore",3,0,17,5.7
"698",21,"Chase Young",3,0,3,1
"699",14,"Johnny Sawyer",1,0,5,5
"700",50,"Ben Busch",1,0,3,3
"701",10,"Jhabari Humbert",1,0,3,3
"702",23,"Mylon Richardson",1,0,3,3
"703",NA,"Matthew Moyer",4,2,116,29
"704",NA,"Tremont Waters",4,2,126,31.5
"705",NA,"Andrew Gordon",4,0,46,11.5
"706",NA,"Aziz Sultan",4,2,71,17.8
"707",NA,"Ty Dalton",4,0,66,16.5
"708",NA,"Elijah Hughes",4,2,95,23.8
"709",NA,"Loren Brill",4,1,39,9.8
"710",NA,"Tyler Foster",3,1,94,31.3
"711",NA,"Myles Powell",3,0,48,16
"712",NA,"Nicholas Washington",3,0,51,17
"713",NA,"Josh Fitch",3,0,17,5.7
"714",21,"Chance O'Niel",2,0,2,1
"715",0,"Clifton  Powell Jr.",3,0,18,6
"716",1,"Jordan Bowden",2,1,40,20
"717",2,"Dennis Loef",2,0,9,4.5
"718",3,"Darius Henderson",2,0,29,14.5
"719",5,"Germain Remy",2,0,25,12.5
"720",14,"Eli Wright",2,1,43,21.5
"721",20,"Ben Moss Jr.",2,1,32,16
"722",21,"Darius Hicks",2,1,44,22
"723",22,"Justin Miller",2,0,27,13.5
"724",24,"Tristan Hunter",2,0,22,11
"725",25,"Sedee Keita",2,1,32,16
"726",NA,"DeAndre Ayton",2,0,0,0
"727",NA,"Grant Williams",4,4,121,30.2
"728",NA,"Devon Dotson",4,4,109,27.2
"729",NA,"Josh Howard",4,4,116,29
"730",NA,"Trey Wertz",4,4,109,27.2
"731",NA,"Isaac Johnson",3,3,90,30
"732",NA,"Scott Peterson",2,0,22,11
"733",NA,"Elijah Brown",2,0,3,1.5
"734",1,"Ayo Dosunmu",5,5,113,22.6
"735",2,"Charlie Moore",5,4,140,28
"736",3,"Jarrin Randall",5,4,117,23.4
"737",4,"Jamal Burton",5,5,107,21.4
"738",22,"Alonzo Chatman",5,4,95,19
"739",21,"Cam Irvin",5,0,54,10.8
"740",23,"Malik Binns",5,0,66,13.2
"741",32,"Antonio Alsip",5,1,16,3.2
"742",34,"Lenell Henry",5,0,30,6
"743",10,"Cortez Bailey",4,0,12,3
"744",11,"Jelani Hardy",3,0,13,4.3
"745",20,"Lamon Johnson",3,0,7,2.3
"746",15,"Melo Burrell",3,0,19,6.3
"747",44,"Quincy Dillard",2,0,9,4.5
"748",22,"Marques Bolden",2,2,0,0
"749",NA,"Kwe Parker",3,2,91,30.3
"750",NA,"David Caraher",3,1,74,24.7
"751",NA,"Jalen Johnson",3,2,80,26.7
"752",NA,"Brandon Childress",2,1,53,26.5
"753",NA,"Michael Buckland",2,2,54,27
"754",NA,"Brendan Austin",2,1,22,11
"755",NA,"Drew Greene",2,0,3,1.5
"756",NA,"Nate Blakeney",2,0,12,6
"757",NA,"Ian Steere",2,1,12,6
"758",NA,"Miles Bridges",5,2,69,13.8
"759",NA,"Curtis Jones",4,2,69,17.2
"760",NA,"Luka Petrovic",2,0,34,17
"761",NA,"Ivan Gandia",2,1,46,23
"762",NA,"Micah Thomas",2,1,21,10.5
"763",NA,"Jonathan Kobongo",2,0,46,23
"764",NA,"Trace Young",2,0,31,15.5
"765",NA,"Onuralp Bitim",2,2,34,17
"766",NA,"Boko Mupungu",2,1,10,5
"767",20,"Brian Bowen",4,2,57,14.2
"768",1,"Brandon Cyrus",3,2,53,17.7
"769",0,"James Banks",2,2,55,27.5
"770",5,"Tyger Campbell",2,2,46,23
"771",2,"Isaiah Coleman-Lands",2,0,51,25.5
"772",12,"Alvegon Eichelberger",2,2,39,19.5
"773",23,"Jeremiah Tilmon",2,0,28,14
"774",3,"Grant Beucler",2,0,11,5.5
"775",5,"RJ Barrett",9,6,153,17
"776",33,"Micah Potter",7,4,95,13.6
"777",2,"Davonta Jordan",6,2,91,15.2
"778",31,"Simisola Shittu",6,1,88,14.7
"779",21,"Bruno Fernando",6,2,79,13.2
"780",22,"Silvio De Sousa",6,1,60,10
"781",23,"EJ Montgomery",6,3,76,12.7
"782",15,"Anfernee Simons",6,4,85,14.2
"783",10,"Howard Washington",5,5,107,21.4
"784",4,"Kevin Cham",5,0,55,11
"785",32,"Sean Mobley",4,0,35,8.8
"786",24,"Amani Harris",3,0,7,2.3
"787",30,"Felix Lemetti",3,0,13,4.3
"788",12,"Justin Kaye",2,0,6,3
"789",44,"Cameron Healy",2,0,6,3
"790",2,"Matt Coleman",24,10,536,22.3
"791",5,"Lindell Wigginton",24,6,446,18.6
"792",3,"Braxton Key",23,10,450,19.6
"793",21,"Ty-Shon Alexander",23,4,403,17.5
"794",20,"Devontae Shuler",22,1,264,12
"795",33,"Kenneth  Nwuba",20,0,167,8.3
"796",31,"Khadim Sy",20,5,286,14.3
"797",42,"Rodney Miller",20,1,198,9.9
"798",4,"Mario Kegler",19,9,306,16.1
"799",23,"Montez Mathis",13,0,123,9.5
