"National.Ranking.espn","Name.espn","Position.espn","Hometown.High.School","Height.espn","Weight.espn","Rating.espn","School","player.id.espn","bball.ref.link.espn","link","Name","Position","Height.Weight","Hometown","High.School","College"
1,"John Petty","SG","Huntsville, ALJemison High School","6'5''",185,93,"Alabama","john-petty","https://www.sports-reference.com/cbb/players/john-petty-1.html","https://www.sports-reference.com/cbb/players/john-petty-2.html","John Petty","        Guard  ","6-5, 197lb (196cm, 89kg) ","   Huntsville, AL","   J.O. Johnson High School","Alabama"
2,"Alex Reese","PF","Pelham, ALPelham High School","6'9''",220,82,"Alabama","alex-reese","https://www.sports-reference.com/cbb/players/alex-reese-1.html","https://www.sports-reference.com/cbb/players/alex-reese-1.html","Alex Reese","        Forward  ","6-9, 238lb (206cm, 107kg) ","   Pelham, AL","   Pelham High School","Alabama"
3,"Garrison Brooks","C","Auburn, ALLafayette High School","6'8''",230,81,"UNC","garrison-brooks","https://www.sports-reference.com/cbb/players/garrison-brooks-1.html","https://www.sports-reference.com/cbb/players/garrison-brooks-1.html","Garrison Brooks","        Forward  ","6-9, 230lb (206cm, 104kg) ","   Lafayette, AL","   Auburn HS","UNC"
5,"Herb Jones","SF","Newbern, ALHale County High School","6'5''",180,79,"Alabama","herb-jones","https://www.sports-reference.com/cbb/players/herb-jones-1.html","https://www.sports-reference.com/cbb/players/herb-jones-3.html","Herb Jones","        Guard  ","6-7, 206lb (201cm, 93kg) ","   Greensboro, AL","   Hale County High School","Alabama"
6,"Kevion Nolan","PG","Anniston, ALSacred Heart of Jesus Catholic School","6'1''",150,78,"Samford","kevion-nolan","https://www.sports-reference.com/cbb/players/kevion-nolan-1.html","https://www.sports-reference.com/cbb/players/kevion-nolan-1.html","Kevion Nolan","        Guard  ","6-2, 170lb (188cm, 77kg) ","   Anniston, AL","   Sacred Heart of Jesus Catholic School","Samford"
1,"DeAndre Ayton","C","Phoenix, AZHillcrest Prep","7'0''",220,97,"Arizona","deandre-ayton","https://www.sports-reference.com/cbb/players/deandre-ayton-1.html","https://www.sports-reference.com/cbb/players/deandre-ayton-1.html","Deandre Ayton","        Forward  ","7-1, 250lb (216cm, 113kg) ","   Nassau, Bahamas","   Hillcrest Academy","Arizona"
2,"Marvin Bagley, III","PF","Phoenix, AZSierra Canyon High School","6'11''",220,98,"Duke","marvin-bagleyiii","https://www.sports-reference.com/cbb/players/marvin-bagleyiii-1.html","https://www.sports-reference.com/cbb/players/marvin-bagleyiii-1.html","Marvin Bagley III","        Forward  ","6-11, 234lb (211cm, 106kg) ","   Phoenix, AZ","   Sierra Canyon School","Duke"
3,"Alex Barcello","SG","Phoenix, AZCorona Del Sol High School","6'2''",175,83,"Arizona","alex-barcello","https://www.sports-reference.com/cbb/players/alex-barcello-1.html","https://www.sports-reference.com/cbb/players/alex-barcello-1.html","Alex Barcello","        Guard  ","6-2, 180lb (188cm, 81kg) ","   Chandler, AZ","   Corona del Sol High School","Arizona"
4,"Chris Sodom","C","Phoenix, AZTennessee Prep Academy","7'2''",225,80,"Georgetown","chris-sodom","https://www.sports-reference.com/cbb/players/chris-sodom-1.html","https://www.sports-reference.com/cbb/players/chris-sodom-1.html","Chris Sodom","        Center  ","7-3, 220lb (221cm, 99kg) ","   Kaduna, Nigeria","   Tennessee Prep Academy","Georgetown"
9,"Holland Woods","PG","Glendale, AZApollo High School","6'0''",170,63,"Portland State","holland-woods","https://www.sports-reference.com/cbb/players/holland-woods-1.html","https://www.sports-reference.com/cbb/players/holland-woods-1.html","Holland Woods","        Guard  ","6-0, 170lb (183cm, 77kg) ","   Phoenix, AZ","   Apollo High School","Portland State"
2,"Khalil Garland","SF","Little Rock, ARParkview Arts & Science Magnet High","6'6''",190,86,"Arkansas","khalil-garland","https://www.sports-reference.com/cbb/players/khalil-garland-1.html","https://www.sports-reference.com/cbb/players/khalil-garland-1.html","Khalil Garland","        Guard  ","6-5, 198lb (196cm, 89kg) ","   Little Rock, AR","   Parkview HS","Arkansas"
1,"Brandon McCoy","C","San Diego, CACathedral Catholic High School","6'11''",244,93,"UNLV","brandon-mccoy","https://www.sports-reference.com/cbb/players/brandon-mccoy-1.html","https://www.sports-reference.com/cbb/players/brandon-mccoy-1.html","Brandon McCoy","        Forward  ","7-1, 250lb (216cm, 113kg) ","   Chicago, IL","   Cathedral Catholic High School","UNLV"
3,"Jaylen Hands","PG","San Diego, CAFoothills Christian High School","6'3''",170,93,"UCLA","jaylen-hands","https://www.sports-reference.com/cbb/players/jaylen-hands-1.html","https://www.sports-reference.com/cbb/players/jaylen-hands-1.html","Jaylen Hands","        Guard  ","6-3, 180lb (190cm, 81kg) ","   San Diego, CA","   Foothills Christian","UCLA"
4,"Ethan Thompson","SG","Los Angeles, CABishop Montgomery High School","6'5''",180,88,"Oregon State","ethan-thompson","https://www.sports-reference.com/cbb/players/ethan-thompson-1.html","https://www.sports-reference.com/cbb/players/ethan-thompson-1.html","Ethan Thompson","        Guard  ","6-5, 190lb (196cm, 86kg) ","   Los Angeles, CA","   Bishop Montgomery High School","Oregon State"
5,"Kezie Okpala","SF","Anaheim, CAEsperanza High School","6'8''",195,88,"Stanford","kezie-okpala","https://www.sports-reference.com/cbb/players/kezie-okpala-1.html","https://www.sports-reference.com/cbb/players/kezie-okpala-1.html","Kezie Okpala","        Forward  ","6-9, 215lb (206cm, 97kg) ","   Orange County, CA","   Esperanza High School","Stanford"
6,"Cody Riley","PF","Chatsworth, CASierra Canyon High School","6'8''",240,88,"UCLA","cody-riley","https://www.sports-reference.com/cbb/players/cody-riley-1.html","https://www.sports-reference.com/cbb/players/cody-riley-1.html","Cody Riley","        Forward  ","6-9, 240lb (206cm, 108kg) ","   Kansas City, KS","   Sierra Canyon HS","UCLA"
7,"Jalen Hill","C","Corona, CACentennial High School","6'8''",220,86,"UCLA","jalen-hill","https://www.sports-reference.com/cbb/players/jalen-hill-1.html","https://www.sports-reference.com/cbb/players/jalen-hill-1.html","Jalen Hill","        Guard  ","6-10, 235lb (208cm, 106kg) ","   Corona, CA","   Centennial HS","UCLA"
8,"Jemarl Baker","SG","Eastvale, CARoosevelt High School","6'4''",180,85,"Kentucky","jemarl-baker","https://www.sports-reference.com/cbb/players/jemarl-baker-1.html","https://www.sports-reference.com/cbb/players/jemarl-bakerjr-1.html","Jemarl Baker Jr.","        Guard  ","6-4, 192lb (193cm, 87kg) ","   Menifee, CA","   Eleanor Roosevelt HS","Kentucky"
9,"Ira Lee","PF","Los Angeles, CACrossroads School","6'8''",225,85,"Arizona","ira-lee","https://www.sports-reference.com/cbb/players/ira-lee-1.html","https://www.sports-reference.com/cbb/players/ira-lee-1.html","Ira Lee","        Forward  ","6-7, 235lb (201cm, 106kg) ","   Los Angeles, CA","   Crossroads School","Arizona"
10,"Remy Martin","PG","Chatsworth, CASierra Canyon High School","6'0''",170,83,"Arizona State","remy-martin","https://www.sports-reference.com/cbb/players/remy-martin-1.html","https://www.sports-reference.com/cbb/players/remy-martin-2.html","Remy Martin","        Guard  ","6-0, 170lb (183cm, 77kg) ","   Chatsworth, CA","   Sierra Canyon School","Arizona State"
11,"Evan Battey","C","Villa Park, CAVilla Park High School","6'7''",290,82,"Colorado","evan-battey","https://www.sports-reference.com/cbb/players/evan-battey-1.html","https://www.sports-reference.com/cbb/players/evan-battey-1.html","Evan Battey","        Forward  ","6-8, 264lb (203cm, 119kg) ","   View Park, CA","   Villa Park HS","Colorado"
12,"Justice Sueing","SF","Santa Ana, CAMater Dei High School","6'6''",210,82,"California","justice-sueing","https://www.sports-reference.com/cbb/players/justice-sueing-1.html","https://www.sports-reference.com/cbb/players/justice-sueing-2.html","Justice Sueing","        Forward  ","6-7, 215lb (201cm, 97kg) ","   Honolulu, HI","   Mater Dei High School","California"
13,"Alfred Hollins","SG","San Francisco, CAHillcrest Prep","6'6''",195,81,"Oregon State","alfred-hollins","https://www.sports-reference.com/cbb/players/alfred-hollins-1.html","https://www.sports-reference.com/cbb/players/alfred-hollins-1.html","Alfred Hollins","        Forward  ","6-6, 195lb (198cm, 88kg) ","   San Francisco, CA","   Hillcrest Academy","Oregon State"
14,"Jordan Schakel","SF","Torrance, CABishop Montgomery High School","6'5''",180,81,"San Diego State","jordan-schakel","https://www.sports-reference.com/cbb/players/jordan-schakel-1.html","https://www.sports-reference.com/cbb/players/jordan-schakel-1.html","Jordan Schakel","        Guard  ","6-6, 200lb (198cm, 90kg) ","   Torrance, CA","   Bishop Montgomery High School","San Diego State"
15,"Juhwan Harris-Dyson","SF","Sherman Oaks, CAHeritage High School","6'5''",180,80,"California","juhwan-harris-dyson","https://www.sports-reference.com/cbb/players/juhwan-harris-dyson-1.html","https://www.sports-reference.com/cbb/players/juhwan-harris-dyson-1.html","Juhwan Harris-Dyson","        Guard  ","6-5, 203lb (196cm, 92kg) ","   Northridge, CA","   Heritage High School","California"
17,"Damari Milstead","PG","Hayward, CAMoreau Catholic High School","6'2''",155,79,"Grand Canyon","damari-milstead","https://www.sports-reference.com/cbb/players/damari-milstead-1.html","https://www.sports-reference.com/cbb/players/damari-milstead-1.html","Damari Milstead","        Guard  ","6-2, 190lb (188cm, 86kg) ","   Oakland, CA","   Moreau Catholic High School","Grand Canyon"
18,"Sebastian Much","PF","San Juan Capistrano, CAJSerra Catholic High School","6'7''",200,78,"Princeton","sebastian-much","https://www.sports-reference.com/cbb/players/sebastian-much-1.html","https://www.sports-reference.com/cbb/players/sebastian-much-1.html","Sebastian Much","        Forward  ","6-8, 220lb (203cm, 99kg) ","   Laguna Niguel, CA","   Junipero Serra Catholic High School","Princeton"
21,"Tyler Bey","PF","Los Angeles, CAMiddlebrooks Academy","6'7''",205,76,"Colorado","tyler-bey","https://www.sports-reference.com/cbb/players/tyler-bey-1.html","https://www.sports-reference.com/cbb/players/tyler-bey-1.html","Tyler Bey","        Guard  ","6-7, 218lb (201cm, 98kg) ","   Las Vegas, NV","   Middlebrooks Academy","Colorado"
24,"Jade' Smith","PG","Oakland, CASt. Joseph Notre Dame High School","6'2''",162,75,"Pepperdine","jade-smith","https://www.sports-reference.com/cbb/players/jade-smith-1.html","https://www.sports-reference.com/cbb/players/jade-smith-1.html","Jade' Smith","        Guard  ","6-4, 180lb (193cm, 81kg) ","   Oakland, CA","   St. Joseph Notre Dame High School","Pepperdine"
27,"Zafir Williams","PF","Long Beach, CALong Beach Polytechnic High School","6'5''",175,72,"Loyola Mary","zafir-williams","https://www.sports-reference.com/cbb/players/zafir-williams-1.html","https://www.sports-reference.com/cbb/players/zafir-williams-1.html","Zafir Williams","        Forward  ","6-6, 241lb (198cm, 109kg) ","   Long Beach, CA","   Long Beach Polytechnic High School","Loyola Marymount"
28,"Myles Johnson","C","Long Beach, CALong Beach Polytechnic High School","6'6''",210,70,"Rutgers","myles-johnson","https://www.sports-reference.com/cbb/players/myles-johnson-1.html","https://www.sports-reference.com/cbb/players/myles-johnson-1.html","Myles Johnson","        Center  ","6-10, 255lb (208cm, 115kg) ","   Long Beach, CA","   Long Beach Polytechnic HS","Rutgers"
30,"Deschon Winston","PG","Lake Balboa, CABirmingham High School","6'2''",180,70,"California","deschon-winston","https://www.sports-reference.com/cbb/players/deschon-winston-1.html","https://www.sports-reference.com/cbb/players/deschon-winston-1.html","Deschon Winston","        Guard  ","6-2, 175lb (188cm, 79kg) ","   Woodland Hills, CA","   Birmingham High School","California"
32,"Felipe Haase","C","Los Angeles, CACathedral High School","6'8''",250,70,"South Carolina","felipe-haase","https://www.sports-reference.com/cbb/players/felipe-haase-1.html","https://www.sports-reference.com/cbb/players/felipe-haase-1.html","Felipe Haase","        Forward  ","6-9, 253lb (206cm, 114kg) ","   Osorno, Chile","   Cathedral High School","South Carolina"
34,"Timmy Falls","SG","Dublin, CADublin High School","6'2''",170,69,"Montana","timmy-falls","https://www.sports-reference.com/cbb/players/timmy-falls-1.html","https://www.sports-reference.com/cbb/players/timmy-falls-1.html","Timmy Falls","        Guard  ","6-2, 171lb (188cm, 77kg) ","   Dublin, CA","   Dublin High School","Montana"
36,"Miles Brookins","PF","Santa Ana, CAMater Dei High School","6'8''",210,69,"La Salle","miles-brookins","https://www.sports-reference.com/cbb/players/miles-brookins-1.html","https://www.sports-reference.com/cbb/players/miles-brookins-1.html","Miles Brookins","        Center  ","6-10, 220lb (208cm, 99kg) ","   Cypress, CA","   Mater Dei High School","La Salle"
39,"Adam Seiko","PG","Chatsworth, CASierra Canyon High School","6'2''",175,69,"San Diego State","adam-seiko","https://www.sports-reference.com/cbb/players/adam-seiko-1.html","https://www.sports-reference.com/cbb/players/adam-seiko-1.html","Adam Seiko","        Guard  ","6-3, 195lb (190cm, 88kg) ","   Boston, MA","   Sierra Canyon HS","San Diego State"
44,"Jordan Roberts","SF","Bakersfield, CARidgeview High School","6'8''",195,66,"Long Beach State","jordan-roberts","https://www.sports-reference.com/cbb/players/jordan-roberts-1.html","https://www.sports-reference.com/cbb/players/jordan-roberts-3.html","Jordan Roberts","        Guard  ","6-8, 195lb (203cm, 88kg) ","   Bakersfield, CA","   Ridgeview High School","Long Beach State"
45,"Myles Franklin","SG","Villa Park, CAVilla Park High School","6'3''",155,66,"Northeastern","myles-franklin","https://www.sports-reference.com/cbb/players/myles-franklin-1.html","https://www.sports-reference.com/cbb/players/myles-franklin-2.html","Myles Franklin","        Guard  ","6-4, 170lb (193cm, 77kg) ","   Brea, CA","   Villa Park High School","Northeastern"
47,"Marvin Bragg","SF","Cerritos, CAGahr High School","6'6''",170,65,"American","marvin-bragg","https://www.sports-reference.com/cbb/players/marvin-bragg-1.html","https://www.sports-reference.com/cbb/players/marvin-bragg-1.html","Marvin Bragg","        Guard  ","6-6, 195lb (198cm, 88kg) ","   Cerritos, CA","   Gahr High School","American"
1,"D'Shawn Schwartz","SF","Colorado Springs, COSand Creek High School","6'7''",217,85,"Colorado","dshawn-schwartz","https://www.sports-reference.com/cbb/players/dshawn-schwartz-1.html","https://www.sports-reference.com/cbb/players/dshawn-schwartz-1.html","D'Shawn Schwartz","        Guard  ","6-7, 226lb (201cm, 102kg) ","   Colorado Springs, CO","   Sand Creek High School","Colorado"
4,"Colbey Ross","PG","Aurora, COEaglecrest High School","6'0''",160,69,"Pepperdine","colbey-ross","https://www.sports-reference.com/cbb/players/colbey-ross-1.html","https://www.sports-reference.com/cbb/players/colbey-ross-1.html","Colbey Ross","        Guard  ","6-1, 180lb (185cm, 81kg) ","   Aurora, CO","   Eaglecrest High School","Pepperdine"
9,"Hunter Maldonado","SF","Colorado Springs, COVista Ridge High School","6'5''",180,60,"Wyoming","hunter-maldonado","https://www.sports-reference.com/cbb/players/hunter-maldonado-1.html","https://www.sports-reference.com/cbb/players/hunter-maldonado-1.html","Hunter Maldonado","        Guard  ","6-7, 200lb (201cm, 90kg) ","   Colorado Springs, CO","   Vista Ridge High School","Wyoming"
1,"Tremont Waters","PG","New Haven, CTNotre Dame High School","5'11''",165,89,"LSU","tremont-waters","https://www.sports-reference.com/cbb/players/tremont-waters-1.html","https://www.sports-reference.com/cbb/players/tremont-waters-1.html","Tremont Waters","        Guard  ","5-11, 175lb (180cm, 79kg) ","   New Haven, CT","   Notre Dame High School","LSU"
2,"Walter Whyte","SF","New Haven, CTSt. Luke's School","6'5''",210,78,"Boston U","walter-whyte","https://www.sports-reference.com/cbb/players/walter-whyte-1.html","https://www.sports-reference.com/cbb/players/walter-whyte-1.html","Walter Whyte","        Guard  ","6-6, 210lb (198cm, 95kg) ","   New Haven, CT","   St. Luke's School","Boston University"
3,"Aaron Wheeler","SF","Stamford, CTBrewster Academy","6'7''",180,78,"Purdue","aaron-wheeler","https://www.sports-reference.com/cbb/players/aaron-wheeler-1.html","https://www.sports-reference.com/cbb/players/aaron-wheeler-2.html","Aaron Wheeler","        Forward  ","6-9, 200lb (206cm, 90kg) ","   Stamford, CT","   Brewster Academy","Purdue"
4,"Matt Turner","SG","Trumbull, CTBlair Academy","6'3''",170,76,"Santa Clara","matt-turner","https://www.sports-reference.com/cbb/players/matt-turner-1.html","https://www.sports-reference.com/cbb/players/matt-turner-2.html","Matt Turner","        Guard  ","6-3, 175lb (190cm, 79kg) ","   Trumbull, CT","   Blair Academy","Schools: Santa Clara and Marist"
5,"Mike McGuirl","SG","Manchester, CTEast Catholic High School","6'2''",175,69,"Kansas State","mike-mcguirl","https://www.sports-reference.com/cbb/players/mike-mcguirl-1.html","https://www.sports-reference.com/cbb/players/mike-mcguirl-1.html","Mike McGuirl","        Guard  ","6-2, 195lb (188cm, 88kg) ","   Ellington, CT","   East Catholic High School","Kansas State"
7,"C.J. Seaforth","PG","Hamden, CTHamden High School","5'11''",NA,60,"Iona","cj-seaforth","https://www.sports-reference.com/cbb/players/cj-seaforth-1.html","https://www.sports-reference.com/cbb/players/cj-seaforth-1.html","C.J. Seaforth","        Guard  ","6-1, 155lb (185cm, 70kg) ","  High School: Hamden High School","  School: Iona","Iona"
1,"Trevon Duval","PG","Wilmington, DEIMG Academy","6'3''",191,96,"Duke","trevon-duval","https://www.sports-reference.com/cbb/players/trevon-duval-1.html","https://www.sports-reference.com/cbb/players/trevon-duval-1.html","Trevon Duval","        Guard  ","6-3, 186lb (190cm, 84kg) ","   New Castle, DE","   IMG Academy","Duke"
2,"Myles Cale","SG","Middletown, DEAppoquinimink High School","6'4''",195,84,"Seton Hall","myles-cale","https://www.sports-reference.com/cbb/players/myles-cale-1.html","https://www.sports-reference.com/cbb/players/myles-cale-1.html","Myles Cale","        Guard  ","6-6, 210lb (198cm, 95kg) ","   Middletown, DE","   Appoquinimink High School","Seton Hall"
1,"Kevin Knox","SF","Tampa, FLTampa Catholic High School","6'9''",206,95,"Kentucky","kevin-knox","https://www.sports-reference.com/cbb/players/kevin-knox-1.html","https://www.sports-reference.com/cbb/players/kevin-knox-1.html","Kevin Knox","        Forward  ","6-9, 215lb (206cm, 97kg) ","   Tampa, FL","   Tampa Catholic High School","Kentucky"
2,"Chaundee Brown","SG","Orlando, FLFirst Academy","6'5''",208,89,"Wake Forest","chaundee-brown","https://www.sports-reference.com/cbb/players/chaundee-brown-1.html","https://www.sports-reference.com/cbb/players/chaundee-brown-1.html","Chaundee Brown","        Guard  ","6-5, 215lb (196cm, 97kg) ","   Orlando, FL","   Dr. Phillips High School","Wake Forest"
4,"Mayan Kiir","PF","Bradenton, FLVictory Rock Prep","6'9''",215,83,"LSU","mayan-kiir","https://www.sports-reference.com/cbb/players/mayan-kiir-1.html","https://www.sports-reference.com/cbb/players/mayan-kiir-1.html","Mayan Kiir","        Forward  ","6-9, 201lb (206cm, 91kg) ","   Bradenton, FL","   Victory Rock Prep","Schools: LSU and South Florida"
5,"Raiquan Gray","PF","Fort Lauderdale, FLDillard High School","6'8''",259,82,"Florida State","raiquan-gray","https://www.sports-reference.com/cbb/players/raiquan-gray-1.html","https://www.sports-reference.com/cbb/players/raiquan-gray-1.html","Raiquan Gray","        Forward  ","6-8, 260lb (203cm, 117kg) ","   Fort Lauderdale, FL","   Dillard HS","Florida State"
7,"Victor Uyaelunmo","C","Miami, FLCalvary Christian Academy","6'11''",210,82,"USC","victor-uyaelunmo","https://www.sports-reference.com/cbb/players/victor-uyaelunmo-1.html","https://www.sports-reference.com/cbb/players/victor-uyaelunmo-1.html","Victor Uyaelunmo","        Forward  ","6-11, 220lb (211cm, 99kg) ","   Miami, FL","   Calvary Christian High School","USC"
8,"Malik William","PF","Orlando, FLThe First Academy","6'7''",200,82,"Clemson","malik-william","https://www.sports-reference.com/cbb/players/malik-william-1.html","https://www.sports-reference.com/cbb/players/malik-william-1.html","Malik William","        Forward  ","6-8, 226lb (203cm, 102kg) ","   Orlando, FL","   The First Academy","Clemson"
11,"Tyler Polley","SF","Weston, FLThe Sagemont School","6'8''",185,81,"UConn","tyler-polley","https://www.sports-reference.com/cbb/players/tyler-polley-1.html","https://www.sports-reference.com/cbb/players/tyler-polley-1.html","Tyler Polley","        Forward  ","6-8, 200lb (203cm, 90kg) ","   Miramar, FL","   Sagemont School","UConn"
13,"Wyatt Wilkes","PF","Winter Park, FLWinter Park High School","6'7''",190,80,"Florida State","wyatt-wilkes","https://www.sports-reference.com/cbb/players/wyatt-wilkes-1.html","https://www.sports-reference.com/cbb/players/wyatt-wilkes-1.html","Wyatt Wilkes","        Forward  ","6-8, 220lb (203cm, 99kg) ","   Orlando, FL","   Winter Park High School","Florida State"
14,"Sean Mobley","PF","Melbourne, FLMontverde Academy","6'9''",225,80,"VCU","sean-mobley","https://www.sports-reference.com/cbb/players/sean-mobley-1.html","https://www.sports-reference.com/cbb/players/sean-mobley-1.html","Sean Mobley","        Forward  ","6-8, 225lb (203cm, 102kg) ","   Cocoa Beach, FL","   Montverde Academy","VCU"
17,"Anthony Polite","SG","Boca Raton, FLSaint Andrews School","6'6''",200,80,"Florida State","anthony-polite","https://www.sports-reference.com/cbb/players/anthony-polite-1.html","https://www.sports-reference.com/cbb/players/anthony-polite-1.html","Anthony Polite","        Guard  ","6-6, 215lb (198cm, 97kg) ","   Lugano, Switzerland","   Saint Andrew's School","Florida State"
19,"Darius Banks","SG","Saint Petersburg, FLSaint Petersburg High School","6'4''",195,79,"James Madison","darius-banks","https://www.sports-reference.com/cbb/players/darius-banks-1.html","https://www.sports-reference.com/cbb/players/darius-banks-1.html","Darius Banks","        Guard  ","6-5, 220lb (196cm, 99kg) ","   Saint Petersburg, FL","   St. Petersburg High School","James Madison"
20,"A.J. Caldwell","PG","Sarasota, FLRiverview High School","6'3''",NA,75,"South Alabama","aj-caldwell","https://www.sports-reference.com/cbb/players/aj-caldwell-1.html","https://www.sports-reference.com/cbb/players/aj-caldwell-1.html","AJ Caldwell","        Guard  ","6-4, 190lb (193cm, 86kg) ","   Sarasota, FL","   Riverview High School","South Alabama"
21,"David Nickelberry","SF","Orlando, FLWindermere Prep","6'7''",202,75,"Memphis","david-nickelberry","https://www.sports-reference.com/cbb/players/david-nickelberry-1.html","https://www.sports-reference.com/cbb/players/david-nickelberry-1.html","David Nickelberry","        Guard  ","6-8, 210lb (203cm, 95kg) ","   Orlando, FL","   Windermere Preparatory School","Memphis"
26,"Brion Whitley","SG","Sarasota, FLRiverview High School","6'5''",185,74,"Murray State","brion-whitley","https://www.sports-reference.com/cbb/players/brion-whitley-1.html","https://www.sports-reference.com/cbb/players/brion-whitley-1.html","Brion Whitley","        Guard  ","6-4, 200lb (193cm, 90kg) ","   Sarasota, FL","   Sarasota Christian High School","Murray State"
27,"Tomas Verbinskis","SF","Weston, FLThe Sagemont School","6'6''",180,72,"Richmond","tomas-verbinskis","https://www.sports-reference.com/cbb/players/tomas-verbinskis-1.html","https://www.sports-reference.com/cbb/players/tomas-verbinskis-1.html","Tomas Verbinskis","        Forward  ","6-7, 210lb (201cm, 95kg) ","   Klaipeda, Lithuania","   Sagemont School","Richmond"
33,"Joniya Gadson","PF","Fort Lauderdale, FLDillard High School","6'9''",NA,66,"Bowling Green","joniya-gadson","https://www.sports-reference.com/cbb/players/joniya-gadson-1.html","https://www.sports-reference.com/cbb/players/joniya-gadson-1.html","Joniya Gadson","        Center  ","6-10, 245lb (208cm, 111kg) ","   Miami Gardens, FL","   Dillard High School","Bowling Green State"
1,"Wendell Carter","PF","Atlanta, GAPace Academy","6'9''",255,96,"Duke","wendell-carter","https://www.sports-reference.com/cbb/players/wendell-carter-1.html","https://www.sports-reference.com/cbb/players/wendell-carterjr-1.html","Wendell Carter Jr.","        Forward  ","6-10, 259lb (208cm, 117kg) ","   Atlanta, GA","   Pace Academy","Duke"
2,"Collin Sexton","PG","Mableton, GAPebblebrook High School","6'3''",175,95,"Alabama","collin-sexton","https://www.sports-reference.com/cbb/players/collin-sexton-1.html","https://www.sports-reference.com/cbb/players/collin-sexton-1.html","Collin Sexton","        Guard  ","6-3, 190lb (190cm, 86kg) ","   Mableton, GA","   Pebblebrook High School","Alabama"
3,"M.J. Walker","SG","Jonesboro, GAJonesboro High School","6'5''",207,92,"Florida State","mj-walker","https://www.sports-reference.com/cbb/players/mj-walker-1.html","https://www.sports-reference.com/cbb/players/mj-walker-1.html","M.J. Walker","        Guard  ","6-5, 213lb (196cm, 96kg) ","   Jonesboro, GA","   Jonesboro High School","Florida State"
4,"Rayshaun Hammonds","SF","Norcross, GANorcross High School","6'8''",215,88,"Georgia","rayshaun-hammonds","https://www.sports-reference.com/cbb/players/rayshaun-hammonds-1.html","https://www.sports-reference.com/cbb/players/rayshaun-hammonds-1.html","Rayshaun Hammonds","        Forward  ","6-8, 235lb (203cm, 106kg) ","   Norcross, GA","   Norcross High School","Georgia"
5,"Jordan Tucker","SF","Marietta, GAWheeler High School","6'7''",207,88,"Duke","jordan-tucker","https://www.sports-reference.com/cbb/players/jordan-tucker-1.html","https://www.sports-reference.com/cbb/players/jordan-tucker-1.html","Jordan Tucker","        Forward  ","6-7, 210lb (201cm, 95kg) ","   White Plains, NY","   Joseph Wheeler High School","Schools: Duke and Butler"
6,"Chuma Okeke","PF","Atlanta, GAWestlake High School","6'8''",221,86,"Auburn","chuma-okeke","https://www.sports-reference.com/cbb/players/chuma-okeke-1.html","https://www.sports-reference.com/cbb/players/chuma-okeke-1.html","Chuma Okeke","        Forward  ","6-8, 230lb (203cm, 104kg) ","   Atlanta, GA","   Westlake High School","Auburn"
7,"Darius Perry","PG","Powder Springs, GAWheeler High School","6'2''",160,86,"Louisville","darius-perry","https://www.sports-reference.com/cbb/players/darius-perry-1.html","https://www.sports-reference.com/cbb/players/darius-perry-1.html","Darius Perry","        Guard  ","6-2, 195lb (188cm, 88kg) ","   Marietta, GA","   Joseph Wheeler High School","Louisville"
8,"Davion Mitchell","PG","Stockbridge, GALiberty County High School","6'2''",195,85,"Auburn","davion-mitchell","https://www.sports-reference.com/cbb/players/davion-mitchell-1.html","https://www.sports-reference.com/cbb/players/davion-mitchell-1.html","Davion Mitchell","        Guard  ","6-1, 200lb (185cm, 90kg) ","   Hinesville, GA","   Liberty County High School","Schools: Auburn and Baylor"
11,"Alex O'Connell","SG","Milton, GAMilton High School","6'6''",175,83,"Duke","alex-oconnell","https://www.sports-reference.com/cbb/players/alex-oconnell-1.html","https://www.sports-reference.com/cbb/players/alex-oconnell-1.html","Alex O'Connell","        Guard  ","6-6, 183lb (198cm, 83kg) ","   Roswell, GA","   Milton High School","Duke"
12,"Jordan Usher","SF","Canton, GAWheeler High School","6'7''",190,83,"USC","jordan-usher","https://www.sports-reference.com/cbb/players/jordan-usher-1.html","https://www.sports-reference.com/cbb/players/jordan-usher-1.html","Jordan Usher","        Guard  ","6-7, 225lb (201cm, 102kg) ","   Canton, GA","   Sequoyah High School","USC"
13,"Lance Thomas","PF","Norcross, GANorcross High School","6'9''",210,82,"Louisville","lance-thomas","https://www.sports-reference.com/cbb/players/lance-thomas-1.html","https://www.sports-reference.com/cbb/players/lance-thomas-3.html","Lance Thomas","        Forward  ","6-8, 224lb (203cm, 101kg) ","   Norcross, GA","   Norcross High School","Schools: Louisville and Memphis"
14,"Aljami Durham","SG","Lilburn, GABerkmar High School","6'4''",180,80,"Indiana","aljami-durham","https://www.sports-reference.com/cbb/players/aljami-durham-1.html","https://www.sports-reference.com/cbb/players/aljami-durham-1.html","Aljami Durham","        Guard  ","6-4, 181lb (193cm, 82kg) ","   Lilburn, GA","   Berkmar High School","Indiana"
15,"Elias Harden","SG","Atlanta, GAPebblebrook High School","6'5''",175,80,"Xavier","elias-harden","https://www.sports-reference.com/cbb/players/elias-harden-1.html","https://www.sports-reference.com/cbb/players/elias-harden-1.html","Elias Harden","        Guard  ","6-5, 187lb (196cm, 84kg) ","   East Point, GA","   Pebblebrook High School","Xavier"
16,"Victor Enoh","PF","Decatur, GAGreenforest Christian Academy","6'8''",235,79,"Memphis","victor-enoh","https://www.sports-reference.com/cbb/players/victor-enoh-1.html","https://www.sports-reference.com/cbb/players/victor-enoh-1.html","Victor Enoh","        Forward  ","6-7, 250lb (201cm, 113kg) ","   Decatur, GA","   Greenforest Christian High School","Memphis"
17,"Jordan Goldwire","PG","Norcross, GANorcross High School","6'1''",170,78,"Duke","jordan-goldwire","https://www.sports-reference.com/cbb/players/jordan-goldwire-1.html","https://www.sports-reference.com/cbb/players/jordan-goldwire-1.html","Jordan Goldwire","        Guard  ","6-2, 181lb (188cm, 82kg) ","   Norcross, GA","   Norcross High School","Duke"
18,"Jay Estime","SF","Lilburn, GABerkmar High School","6'5''",190,77,"UNC Wilmington","jay-estime","https://www.sports-reference.com/cbb/players/jay-estime-1.html","https://www.sports-reference.com/cbb/players/jay-estime-1.html","Jay Estime'","        Guard  ","6-5, 190lb (196cm, 86kg) ","   Lilburn, GA","   Berkmar High School","UNC Wilmington"
19,"Teshaun Hightower","PG","Suwanee, GAMount Zion Baptist Christian School","6'5''",170,77,"Georgia","teshaun-hightower","https://www.sports-reference.com/cbb/players/teshaun-hightower-1.html","https://www.sports-reference.com/cbb/players/teshaun-hightower-1.html","TeShaun Hightower","        Guard  ","6-5, 190lb (196cm, 86kg) ","   Lithonia, GA","   Mt. Zion","Georgia"
1,"Kolby Lee","C","Meridian, IDRocky Mountain High School","6'9''",260,81,"BYU","kolby-lee","https://www.sports-reference.com/cbb/players/kolby-lee-1.html","https://www.sports-reference.com/cbb/players/kolby-lee-1.html","Kolby Lee","        Forward  ","6-9, 240lb (206cm, 108kg) ","   Meridian, ID","   Rocky Mountain HS","BYU"
1,"Jeremiah Tilmon","C","East Saint Louis, ILEast St. Louis High School","6'10''",215,88,"Missouri","jeremiah-tilmon","https://www.sports-reference.com/cbb/players/jeremiah-tilmon-1.html","https://www.sports-reference.com/cbb/players/jeremiah-tilmon-1.html","Jeremiah Tilmon","        Forward  ","6-10, 252lb (208cm, 114kg) ","   East St. Louis, IL","   La Lumiere School","Missouri"
2,"Jordan Goodwin","SG","Belleville, ILAlthoff Catholic High School","6'4''",220,86,"Saint Louis","jordan-goodwin","https://www.sports-reference.com/cbb/players/jordan-goodwin-1.html","https://www.sports-reference.com/cbb/players/jordan-goodwin-1.html","Jordan Goodwin","        Guard  ","6-3, 210lb (190cm, 95kg) ","   Centreville, IL","   Althoff Catholic High School","Saint Louis"
3,"Nojel Eastern","SG","Evanston, ILEvanston Township High School","6'6''",207,83,"Purdue","nojel-eastern","https://www.sports-reference.com/cbb/players/nojel-eastern-1.html","https://www.sports-reference.com/cbb/players/nojel-eastern-1.html","Nojel Eastern","        Guard  ","6-6, 220lb (198cm, 99kg) ","   Evanston, IL","   Evanston Township High School","Purdue"
4,"Justin Smith","SF","Buffalo Grove, ILAdlai E. Stevenson High School","6'7''",215,83,"Indiana","justin-smith","https://www.sports-reference.com/cbb/players/justin-smith-1.html","https://www.sports-reference.com/cbb/players/justin-smith-3.html","Justin Smith","        Forward  ","6-7, 227lb (201cm, 102kg) ","   Buffalo Grove, IL","   Adlai E. Stevenson High School","Indiana"
5,"Da'Monte Williams","SG","Peoria, ILManual High School","6'3''",180,83,"Illinois","damonte-williams","https://www.sports-reference.com/cbb/players/damonte-williams-1.html","https://www.sports-reference.com/cbb/players/damonte-williams-1.html","Da'Monte Williams","        Guard  ","6-3, 190lb (190cm, 86kg) ","  High School: Manual High School","  School: Illinois","Illinois"
6,"Mark Smith","PG","NA, NAEdwardsville High School","6'4''",215,82,"Illinois","mark-smith","https://www.sports-reference.com/cbb/players/mark-smith-1.html","https://www.sports-reference.com/cbb/players/mark-smith-5.html","Mark Smith","        Guard  ","6-4, 220lb (193cm, 99kg) ","   Edwardsville, IL","   Edwardsville High School","Schools: Illinois and Missouri"
12,"Dwayne Rose","PG","Crete, ILCrete-Monee High School","6'2''",NA,78,"Toledo","dwayne-rose","https://www.sports-reference.com/cbb/players/dwayne-rose-1.html","https://www.sports-reference.com/cbb/players/dwayne-rosejr-1.html","Dwayne Rose Jr.","        Guard  ","6-3, 185lb (190cm, 83kg) ","   Crete, IL","   Crete-Monee High School","Toledo"
13,"Evan Gilyard","PG","Chicago, ILSimeon Career Academy","5'8''",NA,75,"UTEP","evan-gilyard","https://www.sports-reference.com/cbb/players/evan-gilyard-1.html","https://www.sports-reference.com/cbb/players/evan-gilyard-1.html","Evan Gilyard","        Guard  ","5-10, 155lb (178cm, 70kg) ","   Chicago, IL","   Simeon Career Academy","UTEP"
14,"Bol Riek","C","Mooseheart, ILMooseheart High School","7'2''",NA,75,"New Orleans","bol-riek","https://www.sports-reference.com/cbb/players/bol-riek-1.html","https://www.sports-reference.com/cbb/players/bol-riek-1.html","Bol Riek","        Center  ","7-3, 225lb (221cm, 102kg) ","   Bentiu, South Sudan","   Mooseheart High School","New Orleans"
16,"Manny Patterson","PF","Chicago, ILKenwood Academy High School","6'7''",NA,75,"Green Bay","manny-patterson","https://www.sports-reference.com/cbb/players/manny-patterson-1.html","https://www.sports-reference.com/cbb/players/manny-patterson-1.html","Manny Patterson","        Forward  ","6-8, 220lb (203cm, 99kg) ","   Chicago, IL","   Kenwood Academy","Green Bay"
1,"Jaren Jackson","PF","Indianapolis, INLa Lumiere School","6'11''",225,95,"Michigan State","jaren-jackson","https://www.sports-reference.com/cbb/players/jaren-jackson-1.html","https://www.sports-reference.com/cbb/players/jaren-jacksonjr-1.html","Jaren Jackson Jr.","        Forward  ","6-11, 242lb (211cm, 109kg) ","   Carmel, IN","   Park Tudor School","Michigan State"
2,"Kris Wilkes","SF","Indianapolis, INNorth Central High School","6'7''",194,92,"UCLA","kris-wilkes","https://www.sports-reference.com/cbb/players/kris-wilkes-1.html","https://www.sports-reference.com/cbb/players/kris-wilkes-1.html","Kris Wilkes","        Guard  ","6-8, 215lb (203cm, 97kg) ","   Indianapolis, IN","   North Central High School","UCLA"
3,"Musa Jallow","SF","Bloomington, INBloomington North High School","6'5''",200,83,"Ohio State","musa-jallow","https://www.sports-reference.com/cbb/players/musa-jallow-1.html","https://www.sports-reference.com/cbb/players/musa-jallow-1.html","Musa Jallow","        Guard  ","6-5, 200lb (196cm, 90kg) ","   Bloomington, IN","   Bloomington High School North","Ohio State"
4,"Malik Williams","PF","Fort Wayne, INR. Nelson Snider High School","6'11''",215,90,"Louisville","malik-williams","https://www.sports-reference.com/cbb/players/malik-williams-1.html","https://www.sports-reference.com/cbb/players/malik-williams-1.html","Malik Williams","        Forward  ","6-11, 245lb (211cm, 111kg) ","   Fort Wayne, IN","   R. Nelson Snider High School","Louisville"
5,"Paul Scruggs","PG","Indianapolis, INProlific Prep","6'3''",190,89,"Xavier","paul-scruggs","https://www.sports-reference.com/cbb/players/paul-scruggs-1.html","https://www.sports-reference.com/cbb/players/paul-scruggs-1.html","Paul Scruggs","        Guard  ","6-3, 200lb (190cm, 90kg) ","   Indianapolis, IN","   Prolific Prep","Xavier"
6,"Justin Roberts","PG","Indianapolis, INFindlay College Prep","5'11''",170,80,"DePaul","justin-roberts","https://www.sports-reference.com/cbb/players/justin-roberts-1.html","https://www.sports-reference.com/cbb/players/justin-roberts-2.html","Justin Roberts","        Guard  ","5-10, 165lb (178cm, 74kg) ","   Indianapolis, IN","   Findlay College Prep","Schools: DePaul and Georgia State"
8,"Parker Hazen","SF","Columbia City, INColumbia City High School","6'7''",188,78,"Valparaiso","parker-hazen","https://www.sports-reference.com/cbb/players/parker-hazen-1.html","https://www.sports-reference.com/cbb/players/parker-hazen-1.html","Parker Hazen","        Forward  ","6-7, 210lb (201cm, 95kg) ","   Columbia City, IN","   Columbia City High School","Valparaiso"
11,"Jaylen Butz","PF","Fort Wayne, INNorth Side High School","6'9''",225,76,"DePaul","jaylen-butz","https://www.sports-reference.com/cbb/players/jaylen-butz-1.html","https://www.sports-reference.com/cbb/players/jaylen-butz-1.html","Jaylen Butz","        Forward  ","6-9, 224lb (206cm, 101kg) ","   Fort Wayne, IN","   North Side High School","DePaul"
2,"Galen Alexander","SF","Lafayette, LALafayette Christian Academy","6'7''",220,84,"LSU","galen-alexander","https://www.sports-reference.com/cbb/players/galen-alexander-1.html","https://www.sports-reference.com/cbb/players/galen-alexander-1.html","Galen Alexander","        Forward  ","6-6, 210lb (198cm, 95kg) ","   Breaux Bridge, LA","   Lafayette Christian Academy","LSU"
4,"Brandon Rachal","SF","Natchitoches, LANatchitoches Central High School","6'6''",220,81,"LSU","brandon-rachal","https://www.sports-reference.com/cbb/players/brandon-rachal-1.html","https://www.sports-reference.com/cbb/players/brandon-rachal-1.html","Brandon Rachal","        Guard  ","6-5, 215lb (196cm, 97kg) ","   Natchitoches, LA","   Natchitoches Central High School","LSU"
5,"Cedric Russell","SG","New Orleans, LAPeabody Magnet High School","6'3''",185,76,"Louisiana","cedric-russell","https://www.sports-reference.com/cbb/players/cedric-russell-1.html","https://www.sports-reference.com/cbb/players/cedric-russell-1.html","Cedric Russell","        Guard  ","6-2, 190lb (188cm, 86kg) ","   Alexandria, LA","   Peabody Magnet High School","Louisiana"
1,"Chris Lykes","PG","Bowie, MDGonzaga College High School","5'7''",160,87,"Miami","chris-lykes","https://www.sports-reference.com/cbb/players/chris-lykes-1.html","https://www.sports-reference.com/cbb/players/chris-lykes-1.html","Chris Lykes","        Guard  ","5-7, 157lb (170cm, 71kg) ","   Mitchellville, MD","   Gonzaga College High School","Miami (FL)"
2,"D.J. Harvey Jr.","SF","Bowie, MDDeMatha Catholic High School","6'6''",205,86,"Notre Dame","dj-harveyjr","https://www.sports-reference.com/cbb/players/dj-harveyjr-1.html","https://www.sports-reference.com/cbb/players/dj-harvey-1.html","D.J. Harvey","        Guard  ","6-6, 225lb (198cm, 102kg) ","   Bowie, MD","   DeMatha Catholic High School","Notre Dame"
3,"Naji Marshall","SF","Greenbelt, MDHargrave Military Academy","6'6''",185,85,"Xavier","naji-marshall","https://www.sports-reference.com/cbb/players/naji-marshall-1.html","https://www.sports-reference.com/cbb/players/naji-marshall-1.html","Naji Marshall","        Forward  ","6-7, 222lb (201cm, 100kg) ","   Atlantic City, NJ","   Hargrave Military Academy","Xavier"
4,"Darryl Morsell","SG","Baltimore, MDMount St. Joseph High School","6'4''",200,83,"Maryland","darryl-morsell","https://www.sports-reference.com/cbb/players/darryl-morsell-1.html","https://www.sports-reference.com/cbb/players/darryl-morsell-1.html","Darryl Morsell","        Guard  ","6-5, 200lb (196cm, 90kg) ","   Baltimore, MD","   Mount Saint Joseph College","Maryland"
5,"Aaron Thompson","PG","Glendale, MDPaul VI High School","6'2''",175,81,"Butler","aaron-thompson","https://www.sports-reference.com/cbb/players/aaron-thompson-1.html","https://www.sports-reference.com/cbb/players/aaron-thompson-3.html","Aaron Thompson","        Guard  ","6-2, 185lb (188cm, 83kg) ","   Glenn Dale, MD","   Paul VI Catholic High School","Butler"
6,"Josh Carlton","C","Hyattsville, MDDeMatha Catholic High School","6'9''",225,80,"UConn","josh-carlton","https://www.sports-reference.com/cbb/players/josh-carlton-1.html","https://www.sports-reference.com/cbb/players/josh-carlton-1.html","Josh Carlton","        Forward  ","6-10, 235lb (208cm, 106kg) ","   Winterville, NC","   DeMatha Catholic High School","UConn"
7,"De'Vondre Perry","SF","Baltimore, MDPolytechnic Institute High School","6'6''",220,79,"Temple","devondre-perry","https://www.sports-reference.com/cbb/players/devondre-perry-1.html","https://www.sports-reference.com/cbb/players/devondre-perry-1.html","De'Vondre Perry","        Forward  ","6-7, 220lb (201cm, 99kg) ","   Baltimore, MD","   Baltimore Polytechnic Institute","Temple"
8,"Alexis Yetna","PF","Baltimore, MDPutnam Science Academy","6'8''",NA,79,"South Florida","alexis-yetna","https://www.sports-reference.com/cbb/players/alexis-yetna-1.html","https://www.sports-reference.com/cbb/players/alexis-yetna-1.html","Alexis Yetna","        Forward  ","6-8, 231lb (203cm, 104kg) ","   Paris, France","   Putnam Science Academy","South Florida"
10,"Isaiah Whaley","PF","Baltimore, MDMount Zion Baptist Christian School","6'9''",NA,76,"UConn","isaiah-whaley","https://www.sports-reference.com/cbb/players/isaiah-whaley-1.html","https://www.sports-reference.com/cbb/players/isaiah-whaley-1.html","Isaiah Whaley","        Forward  ","6-8, 210lb (203cm, 95kg) ","   Gastonia, NC","   Mt. Zion Christian Academy","UConn"
12,"Myles Douglas","PF","Aberdeen, MDAberdeen High School","6'7''",190,75,"UCF","myles-douglas","https://www.sports-reference.com/cbb/players/myles-douglas-1.html","https://www.sports-reference.com/cbb/players/myles-douglas-1.html","Myles Douglas","        Forward  ","6-8, 215lb (203cm, 97kg) ","   Edgewood, MD","   Paul VI High School","UCF"
14,"Jamir Moultrie","PG","Forestville, MDBishop McNamara High School","6'1''",178,72,"La Salle","jamir-moultrie","https://www.sports-reference.com/cbb/players/jamir-moultrie-1.html","https://www.sports-reference.com/cbb/players/jamir-moultrie-1.html","Jamir Moultrie","        Guard  ","6-1, 175lb (185cm, 79kg) ","   Washington, DC","   Bishop McNamara High School","La Salle"
15,"Melo Eggleston","SF","Upper Marlboro, MDNotre Dame Prep","6'8''",187,70,"Wake Forest","melo-eggleston","https://www.sports-reference.com/cbb/players/melo-eggleston-1.html","https://www.sports-reference.com/cbb/players/melo-eggleston-1.html","Melo Eggleston","        Guard  ","6-8, 190lb (203cm, 86kg) ","   Suitland, MD","   Notre Dame Preparatory School","Wake Forest"
16,"Anthony Duruji","PF","Potomac, MDSt. Andrews Episcopal School","6'7''",190,70,"Louisiana Tech","anthony-duruji","https://www.sports-reference.com/cbb/players/anthony-duruji-1.html","https://www.sports-reference.com/cbb/players/anthony-duruji-1.html","Anthony Duruji","        Forward  ","6-7, 215lb (201cm, 97kg) ","   Germantown, MD","   St. Andrew's Episcopal School","Louisiana Tech"
18,"Ryan Allen","SG","Bowie, MDDeMatha Catholic High School","6'2''",185,67,"Delaware","ryan-allen","https://www.sports-reference.com/cbb/players/ryan-allen-1.html","https://www.sports-reference.com/cbb/players/ryan-allen-3.html","Ryan Allen","        Guard  ","6-2, 200lb (188cm, 90kg) ","   Bowie, MD","   DeMatha Catholic High School","Delaware"
20,"Deion Hammond","SG","Bowie, MDRiverdale Baptist High School","6'4''",190,65,"Monmouth","deion-hammond","https://www.sports-reference.com/cbb/players/deion-hammond-1.html","https://www.sports-reference.com/cbb/players/deion-hammond-1.html","Deion Hammond","        Guard  ","6-4, 200lb (193cm, 90kg) ","   Mitchellville, MD","   Riverdale Baptist School","Monmouth"
21,"Jihar Williams","SF","Baltimore, MDFriends School of Baltimore","6'5''",190,63,"William & Mary","jihar-williams","https://www.sports-reference.com/cbb/players/jihar-williams-1.html","https://www.sports-reference.com/cbb/players/jihar-williams-1.html","Jihar Williams","        Guard  ","6-5, 195lb (196cm, 88kg) ","   Baltimore, MD","   Friends School-Baltimore","William & Mary"
22,"Quinton Drayton","SF","Bowie, MDBowie High School","6'4''",NA,62,"Towson","quinton-drayton","https://www.sports-reference.com/cbb/players/quinton-drayton-1.html","https://www.sports-reference.com/cbb/players/quinton-drayton-1.html","Quinton Drayton","        Guard  ","6-4, 206lb (193cm, 93kg) ","   Bowie, MD","   Bowie HS","Towson"
23,"Nigel Jackson","PF","Baltimore, MDMount St. Joseph High School","6'5''",NA,58,"Wagner","nigel-jackson","https://www.sports-reference.com/cbb/players/nigel-jackson-1.html","https://www.sports-reference.com/cbb/players/nigel-jackson-1.html","Nigel Jackson","        Forward  ","6-7, 215lb (201cm, 97kg) ","   Baltimore, MD","   Mount Saint Joseph College","Wagner"
24,"Keve Aluma","C","Berlin, MDStephen Decatur High School","6'7''",NA,57,"Wofford","keve-aluma","https://www.sports-reference.com/cbb/players/keve-aluma-1.html","https://www.sports-reference.com/cbb/players/keve-aluma-1.html","Keve Aluma","        Forward  ","6-9, 230lb (206cm, 104kg) ","   Berlin, MD","   Stephen Decatur High School","Wofford"
26,"Zion Cousins","PF","Upper Marlboro, MDFrederick Douglass Sr. High School","6'6''",172,55,"Howard","zion-cousins","https://www.sports-reference.com/cbb/players/zion-cousins-1.html","https://www.sports-reference.com/cbb/players/zion-cousins-1.html","Zion Cousins","        Forward  ","6-8, 195lb (203cm, 88kg) ","   Upper Marlboro, MD","   Frederick Douglass High School","Howard"
1,"Makai Ashton-Langford","PG","Worcester, MABrewster Academy","6'2''",185,89,"Providence","makai-ashton-langford","https://www.sports-reference.com/cbb/players/makai-ashton-langford-1.html","https://www.sports-reference.com/cbb/players/makai-ashton-langford-1.html","Makai Ashton-Langford","        Guard  ","6-3, 185lb (190cm, 83kg) ","   Worcester, MA","   Brewster Academy","Providence"
2,"Jermaine Samuels","SF","Franklin, MAThe Rivers School","6'5''",205,86,"Villanova","jermaine-samuels","https://www.sports-reference.com/cbb/players/jermaine-samuels-1.html","https://www.sports-reference.com/cbb/players/jermaine-samuels-1.html","Jermaine Samuels","        Forward  ","6-7, 220lb (201cm, 99kg) ","   Franklin, MA","   Rivers School","Villanova"
3,"Wabissa Bede","PG","North Andover, MACushing Academy","6'1''",180,84,"Virginia Tech","wabissa-bede","https://www.sports-reference.com/cbb/players/wabissa-bede-1.html","https://www.sports-reference.com/cbb/players/wabissa-bede-1.html","Wabissa Bede","        Guard  ","6-1, 195lb (185cm, 88kg) ","   North Andover, MA","   Cushing Academy","Virginia Tech"
4,"Hasahn French","PF","Springfield, MACommonwealth Academy","6'7''",230,83,"Saint Louis","hasahn-french","https://www.sports-reference.com/cbb/players/hasahn-french-1.html","https://www.sports-reference.com/cbb/players/hasahn-french-1.html","Hasahn French","        Forward  ","6-7, 235lb (201cm, 106kg) ","   Middletown, NY","   Commonwealth School","Saint Louis"
5,"Kellan Grady","PG","West Roxbury, MANorthfield-Mt. Hermon School","6'4''",160,81,"Davidson","kellan-grady","https://www.sports-reference.com/cbb/players/kellan-grady-1.html","https://www.sports-reference.com/cbb/players/kellan-grady-1.html","Kellan Grady","        Guard  ","6-5, 195lb (196cm, 88kg) ","   Boston, MA","   Northfield Mount Hermon School","Davidson"
6,"Geo Baker","SG","Boston, MAProctor Academy","6'3''",NA,79,"Rutgers","geo-baker","https://www.sports-reference.com/cbb/players/geo-baker-1.html","https://www.sports-reference.com/cbb/players/geo-baker-1.html","Geo Baker","        Guard  ","6-4, 180lb (193cm, 81kg) ","   Derry, NH","   Proctor Academy","Rutgers"
7,"Marcus Santos-Silva","C","Taunton, MAVermont Academy","6'7''",250,76,"VCU","marcus-santos-silva","https://www.sports-reference.com/cbb/players/marcus-santos-silva-1.html","https://www.sports-reference.com/cbb/players/marcus-santos-silva-1.html","Marcus Santos-Silva","        Forward  ","6-7, 250lb (201cm, 113kg) ","   Taunton, MA","   Vermont Academy","VCU"
10,"Azar Swain","SG","Boston, MAThe Rivers School","6'1''",160,65,"Yale","azar-swain","https://www.sports-reference.com/cbb/players/azar-swain-1.html","https://www.sports-reference.com/cbb/players/azar-swain-1.html","Azar Swain","        Guard  ","6-0, 185lb (183cm, 83kg) ","   Brockton, MA","   Rivers School","Yale"
11,"Bailey Patella","SF","Lenox, MAVermont Academy","6'5''",NA,64,"Vermont","bailey-patella","https://www.sports-reference.com/cbb/players/bailey-patella-1.html","https://www.sports-reference.com/cbb/players/bailey-patella-1.html","Bailey Patella","        Forward  ","6-5, 185lb (196cm, 83kg) ","   Lenox, MA","   Vermont Academy","Vermont"
13,"Matt DeWolf","C","Northfield, MANorthfield-Mt. Hermon School","6'9''",220,58,"Brown","matt-dewolf","https://www.sports-reference.com/cbb/players/matt-dewolf-1.html","https://www.sports-reference.com/cbb/players/matt-dewolf-1.html","Matt DeWolf","        Forward  ","6-9, 230lb (206cm, 104kg) ","   Barrington, RI","   Northfield Mount Hermon School","Brown"
14,"Ryan Layman","PF","Norwood, MATilton School","6'6''",NA,57,"Bryant","ryan-layman","https://www.sports-reference.com/cbb/players/ryan-layman-1.html","https://www.sports-reference.com/cbb/players/ryan-layman-1.html","Ryan Layman","        Forward  ","6-7, 200lb (201cm, 90kg) ","   Wrentham, MA","   Tilton School","Bryant"
2,"Xavier Tillman","PF","Grand Rapids, MIGrand Rapids Christian High School","6'9''",250,84,"Michigan State","xavier-tillman","https://www.sports-reference.com/cbb/players/xavier-tillman-1.html","https://www.sports-reference.com/cbb/players/xavier-tillman-1.html","Xavier Tillman","        Forward  ","6-8, 245lb (203cm, 111kg) ","   Grand Rapids, MI","   Grand Rapids Christian High School","Michigan State"
3,"Isaiah Livers","PF","Kalamazoo, MIKalamazoo Central High School","6'7''",185,84,"Michigan","isaiah-livers","https://www.sports-reference.com/cbb/players/isaiah-livers-1.html","https://www.sports-reference.com/cbb/players/isaiah-livers-1.html","Isaiah Livers","        Forward  ","6-7, 235lb (201cm, 106kg) ","   Kalamazoo, MI","   Kalamazoo Central High School","Michigan"
4,"Amauri Hardy","PG","Farmington Hills, MINorth Farmington High School","6'2''",175,82,"UNLV","amauri-hardy","https://www.sports-reference.com/cbb/players/amauri-hardy-1.html","https://www.sports-reference.com/cbb/players/amauri-hardy-1.html","Amauri Hardy","        Guard  ","6-2, 190lb (188cm, 86kg) ","   Detroit, MI","   North Farmington High School","UNLV"
5,"Jamal Cain","SF","Detroit, MICornerstone Schools","6'7''",185,81,"Marquette","jamal-cain","https://www.sports-reference.com/cbb/players/jamal-cain-1.html","https://www.sports-reference.com/cbb/players/jamal-cain-1.html","Jamal Cain","        Forward  ","6-7, 195lb (201cm, 88kg) ","   Pontiac, MI","   Cornerstone Health and Technology High School","Marquette"
6,"Jaron Faulds","C","Holt, MIHolt High School","6'10''",225,80,"Columbia","jaron-faulds","https://www.sports-reference.com/cbb/players/jaron-faulds-1.html","https://www.sports-reference.com/cbb/players/jaron-faulds-1.html","Jaron Faulds","        Forward  ","6-10, 225lb (208cm, 102kg) ","   Holt, MI","   Holt High School","Schools: Columbia and Michigan"
7,"Donnie Tillman","SF","Detroit, MIFindlay College Prep","6'7''",220,80,"Utah","donnie-tillman","https://www.sports-reference.com/cbb/players/donnie-tillman-1.html","https://www.sports-reference.com/cbb/players/donnie-tillman-1.html","Donnie Tillman","        Forward  ","6-7, 225lb (201cm, 102kg) ","   Detroit, MI","   Findlay College Prep","Utah"
9,"Greg Eboigbodin","PF","Detroit, MIUniv. of Detroit Jesuit High School","6'9''",220,77,"Illinois","greg-eboigbodin","https://www.sports-reference.com/cbb/players/greg-eboigbodin-1.html","https://www.sports-reference.com/cbb/players/greg-eboigbodin-1.html","Greg Eboigbodin","        Forward  ","6-9, 225lb (206cm, 102kg) ","   Benin City, Nigeria","   University of Detroit Jesuit High School and Academy","Schools: Illinois and Northeastern"
1,"Gary Trent Jr.","SG","Apple Valley, MNProlific Prep","6'5''",200,95,"Duke","gary-trentjr","https://www.sports-reference.com/cbb/players/gary-trentjr-1.html","https://www.sports-reference.com/cbb/players/gary-trentjr-1.html","Gary Trent Jr.","        Guard  ","6-6, 209lb (198cm, 94kg) ","   Columbus, OH","   Prolific Prep","Duke"
2,"Jericho Sims","C","Minneapolis, MNCristo Rey Jesuit High School","6'8''",190,85,"Texas","jericho-sims","https://www.sports-reference.com/cbb/players/jericho-sims-1.html","https://www.sports-reference.com/cbb/players/jericho-sims-1.html","Jericho Sims","        Forward  ","6-9, 240lb (206cm, 108kg) ","   Minneapolis, MN","   Cristo Rey Jesuit High School","Texas"
3,"Nate Reuvers","PF","Lakeville, MNLakeville High School","6'10''",220,83,"Wisconsin","nate-reuvers","https://www.sports-reference.com/cbb/players/nate-reuvers-1.html","https://www.sports-reference.com/cbb/players/nate-reuvers-1.html","Nate Reuvers","        Forward  ","6-11, 240lb (211cm, 108kg) ","   Lakeville, MN","   Lakeville North High School","Wisconsin"
4,"Race Thompson","PF","Robbinsdale, MNArmstrong High School","6'7''",NA,80,"Indiana","race-thompson","https://www.sports-reference.com/cbb/players/race-thompson-1.html","https://www.sports-reference.com/cbb/players/race-thompson-1.html","Race Thompson","        Forward  ","6-8, 228lb (203cm, 103kg) ","   Plymouth, MN","   Armstrong HS","Indiana"
5,"Brad Davison","SG","Maple Grove, MNMaple Grove High School","6'3''",190,81,"Wisconsin","brad-davison","https://www.sports-reference.com/cbb/players/brad-davison-1.html","https://www.sports-reference.com/cbb/players/brad-davison-1.html","Brad Davison","        Guard  ","6-3, 206lb (190cm, 93kg) ","   Maple Grove, MN","   Maple Grove Senior High School","Wisconsin"
6,"Theo John","PF","Brooklyn Park, MNChamplin Park High School","6'8''",200,79,"Marquette","theo-john","https://www.sports-reference.com/cbb/players/theo-john-1.html","https://www.sports-reference.com/cbb/players/theo-john-2.html","Theo John","        Forward  ","6-9, 240lb (206cm, 108kg) ","   Minneapolis, MN","   Champlin Park High School","Marquette"
7,"Ishmael El-Amin","PG","Minnetonka, MNHopkins High School","6'0''",165,78,"Ball State","ishmael-el-amin","https://www.sports-reference.com/cbb/players/ishmael-el-amin-1.html","https://www.sports-reference.com/cbb/players/ishmael-el-amin-1.html","Ishmael El-Amin","        Guard  ","6-1, 195lb (185cm, 88kg) ","   Minnetonka, MN","   Hopkins High School","Ball State"
1,"P.J. Washington","PF","Las Vegas, NVFindlay College Prep","6'8''",230,95,"Kentucky","pj-washington","https://www.sports-reference.com/cbb/players/pj-washington-1.html","https://www.sports-reference.com/cbb/players/pj-washington-1.html","PJ Washington","        Forward  ","6-8, 228lb (203cm, 103kg) ","   Dallas, TX","   Findlay College Prep","Kentucky"
2,"Troy Brown Jr.","SF","Las Vegas, NVCentennial High School","6'7''",215,93,"Oregon","troy-brownjr","https://www.sports-reference.com/cbb/players/troy-brownjr-1.html","https://www.sports-reference.com/cbb/players/troy-brown-5.html","Troy Brown","        Forward  ","6-7, 215lb (201cm, 97kg) ","   Las Vegas, NV","   Centennial High School","Oregon"
3,"Charles O'Bannon Jr.","SF","Las Vegas, NVBishop Gorman High School","6'6''",200,90,"USC","charles-obannonjr","https://www.sports-reference.com/cbb/players/charles-obannonjr-1.html","https://www.sports-reference.com/cbb/players/charles-obannonjr-1.html","Charles O'Bannon, Jr.","        Guard  ","6-6, 210lb (198cm, 95kg) ","   Compton, CA","   Bishop Gorman High School","USC"
4,"Christian PoPoola Jr.","SG","Las Vegas, NVBishop Gorman High School","6'4''",190,78,"Utah","christian-popoolajr","https://www.sports-reference.com/cbb/players/christian-popoolajr-1.html","https://www.sports-reference.com/cbb/players/christian-popoola-1.html","Christian Popoola","        Guard  ","6-4, 190lb (193cm, 86kg) ","   Las Vegas, NV","   Bishop Gorman High School","Utah"
8,"Darian Scott","C","Las Vegas, NVCentennial High School","6'9''",220,68,"Missouri State","darian-scott","https://www.sports-reference.com/cbb/players/darian-scott-1.html","https://www.sports-reference.com/cbb/players/darian-scott-1.html","Darian Scott","        Center  ","6-11, 220lb (211cm, 99kg) ","   Las Vegas, NV","   Centennial HS","Missouri State"
2,"Tshiefu Ngalakulondi","SF","Manchester, NHProctor Academy","6'6''",NA,67,"St. Bonaventure","tshiefu-ngalakulondi","https://www.sports-reference.com/cbb/players/tshiefu-ngalakulondi-1.html","https://www.sports-reference.com/cbb/players/tshiefu-ngalakulondi-1.html","Tshiefu Ngalakulondi","        Forward  ","6-7, 220lb (201cm, 99kg) ","   Manchester, NH","   Proctor Academy","St. Bonaventure"
3,"Caleb Green","PG","Londonderry, NHProctor Academy","5'11''",150,58,"Holy Cross","caleb-green","https://www.sports-reference.com/cbb/players/caleb-green-1.html","https://www.sports-reference.com/cbb/players/caleb-green-2.html","Caleb Green","        Guard  ","5-10, 175lb (178cm, 79kg) ","   Londonderry, NH","   Proctor Academy","Holy Cross"
1,"Deng Gak","PF","Blairstown, NJBlair Academy","6'10''",195,83,"Miami","deng-gak","https://www.sports-reference.com/cbb/players/deng-gak-1.html","https://www.sports-reference.com/cbb/players/deng-gak-1.html","Deng Gak","        Forward  ","6-10, 211lb (208cm, 95kg) ","   Sydney, Australia","   Blair Academy","Miami (FL)"
2,"Bourama Sidibe","C","Newark, NJSaint Benedict's Prep","6'10''",225,82,"Syracuse","bourama-sidibe","https://www.sports-reference.com/cbb/players/bourama-sidibe-1.html","https://www.sports-reference.com/cbb/players/bourama-sidibe-1.html","Bourama Sidibe","        Forward  ","6-10, 205lb (208cm, 92kg) ","   Bamako, Mali","   Saint Benedict's Preparatory School","Syracuse"
3,"Nate Pierre-Louis","SG","Jersey City, NJRoselle Catholic High School","6'4''",185,80,"Temple","nate-pierre-louis","https://www.sports-reference.com/cbb/players/nate-pierre-louis-1.html","https://www.sports-reference.com/cbb/players/nate-pierre-louis-1.html","Nate Pierre-Louis","        Guard  ","6-4, 170lb (193cm, 77kg) ","   Plainfield, NJ","   Roselle Catholic High School","Temple"
4,"Jamir Harris","SG","Edison, NJThe Patrick School","6'1''",175,78,"Minnesota","jamir-harris","https://www.sports-reference.com/cbb/players/jamir-harris-1.html","https://www.sports-reference.com/cbb/players/jamir-harris-1.html","Jamir Harris","        Guard  ","6-2, 198lb (188cm, 89kg) ","   North Brunswick, NJ","   St. Patrick High School","Schools: Minnesota and American"
5,"Justyn Mutts","PF","Millville, NJSaint Augustine Prep","6'7''",215,77,"High Point","justyn-mutts","https://www.sports-reference.com/cbb/players/justyn-mutts-1.html","https://www.sports-reference.com/cbb/players/justyn-mutts-1.html","Justyn Mutts","        Forward  ","6-7, 220lb (201cm, 99kg) ","   Millville, NJ","   St. Augustine College Preparatory School","Schools: High Point and Delaware"
6,"R.J. Cole","PG","Jersey City, NJSt. Anthony High School","5'11''",NA,76,"Howard","rj-cole","https://www.sports-reference.com/cbb/players/rj-cole-1.html","https://www.sports-reference.com/cbb/players/rj-cole-1.html","RJ Cole","        Guard  ","6-1, 185lb (185cm, 83kg) ","   Union, NJ","   St. Anthony High School","Howard"
8,"Bul Ajang","C","Elizabeth, NJThe Patrick School","6'10''",220,72,"Tulane","bul-ajang","https://www.sports-reference.com/cbb/players/bul-ajang-1.html","https://www.sports-reference.com/cbb/players/bul-ajang-1.html","Bul Ajang","        Forward  ","6-10, 225lb (208cm, 102kg) ","   Jonglei, South Sudan","   The Patrick School","Tulane"
9,"Jordan Pierce","C","Scotch Plains, NJUnion Catholic Regional High School","6'10''",275,71,"Dayton","jordan-pierce","https://www.sports-reference.com/cbb/players/jordan-pierce-1.html","https://www.sports-reference.com/cbb/players/jordan-pierce-1.html","Jordan Pierce","        Center  ","6-11, 265lb (211cm, 120kg) ","  High School: Union Catholic Regional High School","  School: Dayton","Dayton"
10,"Marcus McClary","SF","Hillside, NJThe Patrick School","6'3''",180,70,"Monmouth","marcus-mcclary","https://www.sports-reference.com/cbb/players/marcus-mcclary-1.html","https://www.sports-reference.com/cbb/players/marcus-mcclary-1.html","Marcus McClary","        Guard  ","6-3, 195lb (190cm, 88kg) ","   Linden, NJ","   The Patrick School","Monmouth"
11,"Elijah Olaniyi","SF","Newark, NJEast Side High School","6'4''",190,67,"Stony Brook","elijah-olaniyi","https://www.sports-reference.com/cbb/players/elijah-olaniyi-1.html","https://www.sports-reference.com/cbb/players/elijah-olaniyi-1.html","Elijah Olaniyi","        Guard-Forward  ","6-5, 203lb (196cm, 92kg) ","   Newark, NJ","   East Side High School","Stony Brook"
12,"Buay Koka","C","Elizabeth, NJThe Patrick School","7'0''",220,63,"Tulane","buay-koka","https://www.sports-reference.com/cbb/players/buay-koka-1.html","https://www.sports-reference.com/cbb/players/buay-koka-1.html","Buay Koka","        Center  ","7-0, 200lb (213cm, 90kg) ","   Nasir, South Sudan","   St. Patrick High School","Tulane"
13,"Elijah Barnes","PF","Middletown, NJMater Dei High School","6'7''",180,63,"Princeton","elijah-barnes","https://www.sports-reference.com/cbb/players/elijah-barnes-1.html","https://www.sports-reference.com/cbb/players/elijah-barnes-1.html","Elijah Barnes","        Forward  ","6-7, 215lb (201cm, 97kg) ","   Middletown, NJ","   Mater Dei High School","Princeton"
1,"Mohamed Bamba","C","Harlem, NYWesttown School","7'0''",216,96,"Texas","mohamed-bamba","https://www.sports-reference.com/cbb/players/mohamed-bamba-1.html","https://www.sports-reference.com/cbb/players/mohamed-bamba-1.html","Mohamed Bamba","        Forward  ","6-11, 225lb (211cm, 102kg) ","   Harlem, NY","   Westtown School","Texas"
2,"Nick Richards","C","Queens, NYThe Patrick School","6'11''",239,93,"Kentucky","nick-richards","https://www.sports-reference.com/cbb/players/nick-richards-1.html","https://www.sports-reference.com/cbb/players/nick-richards-2.html","Nick Richards","        Forward  ","6-11, 244lb (211cm, 110kg) ","   Kingston, Jamaica","   The Patrick School","Kentucky"
3,"Hameir Wright","SF","Albany, NYThe Albany Academy","6'7''",195,82,"Washington","hameir-wright","https://www.sports-reference.com/cbb/players/hameir-wright-1.html","https://www.sports-reference.com/cbb/players/hameir-wright-1.html","Hameir Wright","        Forward  ","6-9, 215lb (206cm, 97kg) ","   Albany, NY","   The Albany Academy","Washington"
4,"Brandon Randolph","SG","Yonkers, NYWesttown School","6'6''",180,89,"Arizona","brandon-randolph","https://www.sports-reference.com/cbb/players/brandon-randolph-1.html","https://www.sports-reference.com/cbb/players/brandon-randolph-2.html","Brandon Randolph","        Guard  ","6-6, 175lb (198cm, 79kg) ","   Yonkers, NY","   Westtown School","Arizona"
5,"Jordan Nwora","PF","Buffalo, NYVermont Academy","6'8''",220,86,"Louisville","jordan-nwora","https://www.sports-reference.com/cbb/players/jordan-nwora-1.html","https://www.sports-reference.com/cbb/players/jordan-nwora-1.html","Jordan Nwora","        Forward  ","6-7, 225lb (201cm, 102kg) ","   Buffalo, NY","   Canisius High School","Louisville"
8,"Andrew Platek","SG","Guilderland, NYNorthfield-Mt. Hermon School","6'4''",180,80,"UNC","andrew-platek","https://www.sports-reference.com/cbb/players/andrew-platek-1.html","https://www.sports-reference.com/cbb/players/andrew-platek-1.html","Andrew Platek","        Guard  ","6-3, 200lb (190cm, 90kg) ","   Guilderland, NY","   Northfield Mount Hermon School","UNC"
9,"Mamadou Doucoure","C","Centereach, NYOur Savior New American School","6'8''",260,80,"Rutgers","mamadou-doucoure","https://www.sports-reference.com/cbb/players/mamadou-doucoure-1.html","https://www.sports-reference.com/cbb/players/mamadou-doucoure-1.html","Mamadou Doucoure","        Forward  ","6-9, 243lb (206cm, 110kg) ","   Bamako, Mali","   Our Savior New American School","Rutgers"
10,"Jose Alvarado","PG","Brooklyn, NYChrist the King High School","5'11''",NA,80,"Georgia Tech","jose-alvarado","https://www.sports-reference.com/cbb/players/jose-alvarado-1.html","https://www.sports-reference.com/cbb/players/jose-alvarado-1.html","Jose Alvarado","        Guard  ","6-0, 176lb (183cm, 79kg) ","   Brooklyn, NY","   Christ The King Regional High School","Georgia Tech"
14,"Nahziah Carter","SF","Rochester, NYBishop Kearney High School","6'6''",NA,75,"Washington","nahziah-carter","https://www.sports-reference.com/cbb/players/nahziah-carter-1.html","https://www.sports-reference.com/cbb/players/nahziah-carter-1.html","Nahziah Carter","        Forward  ","6-6, 205lb (198cm, 92kg) ","   Rochester, NY","   Bishop Kearney High School","Washington"
1,"Ty-Shon Alexander","SG","Charlotte, NCOak Hill Academy","6'4''",190,84,"Creighton","ty-shon-alexander","https://www.sports-reference.com/cbb/players/ty-shon-alexander-1.html","https://www.sports-reference.com/cbb/players/ty-shon-alexander-1.html","Ty-Shon Alexander","        Guard  ","6-4, 195lb (193cm, 88kg) ","   Charlotte, NC","   Oak Hill Academy","Creighton"
2,"Lavar Batts","PG","Concord, NCJ. M. Robinson High School","6'2''",165,83,"NC State","lavar-batts","https://www.sports-reference.com/cbb/players/lavar-batts-1.html","https://www.sports-reference.com/cbb/players/lavar-battsjr-1.html","Lavar Batts Jr.","        Guard  ","6-3, 185lb (190cm, 83kg) ","   Concord, NC","   Jay M. Robinson High School","Schools: NC State and UNC Asheville"
3,"Blake Harris","PG","Chapel Hill, NCWord of God Christian Academy","6'3''",190,83,"Missouri","blake-harris","https://www.sports-reference.com/cbb/players/blake-harris-1.html","https://www.sports-reference.com/cbb/players/blake-harris-1.html","Blake Harris","        Guard  ","6-3, 190lb (190cm, 86kg) ","   Chapel Hill, NC","   Word of God Christian Academy","Schools: Missouri and NC State"
4,"Thomas Allen","SG","Raleigh, NCBrewster Academy","6'0''",170,83,"Nebraska","thomas-allen","https://www.sports-reference.com/cbb/players/thomas-allen-1.html","https://www.sports-reference.com/cbb/players/thomas-allen-1.html","Thomas Allen","        Guard  ","6-1, 184lb (185cm, 83kg) ","   Raleigh, NC","   Brewster Academy","Nebraska"
5,"Justyn Hamilton","PF","Charlotte, NCIndependence High School","6'10''",190,81,"Temple","justyn-hamilton","https://www.sports-reference.com/cbb/players/justyn-hamilton-1.html","https://www.sports-reference.com/cbb/players/justyn-hamilton-1.html","Justyn Hamilton","        Forward  ","6-10, 190lb (208cm, 86kg) ","   Charlotte, NC","   Independence High School","Temple"
6,"Brandon Huffman","C","Raleigh, NCWord of God Christian Academy","6'9''",250,81,"UNC","brandon-huffman","https://www.sports-reference.com/cbb/players/brandon-huffman-1.html","https://www.sports-reference.com/cbb/players/brandon-huffman-1.html","Brandon Huffman","        Forward  ","6-10, 250lb (208cm, 113kg) ","   Goldsboro, NC","   Word of God Christian Academy","UNC"
7,"J.P. Moorman","SF","Greensboro, NCGreensboro Day School","6'7''",205,80,"Temple","jp-moorman","https://www.sports-reference.com/cbb/players/jp-moorman-1.html","https://www.sports-reference.com/cbb/players/jp-moorman-1.html","J.P. Moorman","        Forward  ","6-7, 205lb (201cm, 92kg) ","   Greensboro, NC","   Greensboro Day School","Temple"
9,"Michael Hueitt Jr.","SG","Fayetteville, NCNorthwood Temple Academy","6'3''",175,78,"Old Dominion","michael-hueittjr","https://www.sports-reference.com/cbb/players/michael-hueittjr-1.html","https://www.sports-reference.com/cbb/players/michael-hueittjr-1.html","Michael Hueitt Jr","        Guard  ","6-3, 160lb (190cm, 72kg) ","   Fayetteville, NC","   Northwood Temple Academy","Old Dominion"
10,"David Caraher","SF","Chapel Hill, NCWesleyan Christian Academy","6'5''",NA,75,"Houston Baptist","david-caraher","https://www.sports-reference.com/cbb/players/david-caraher-1.html","https://www.sports-reference.com/cbb/players/david-caraher-1.html","David Caraher","        Forward  ","6-6, 220lb (198cm, 99kg) ","   Chapel Hill, NC","   Wesleyan Christian Academy","Schools: Houston Baptist and St. John's (NY)"
1,"Kaleb Wesson","C","Westerville, OHWesterville South High School","6'9''",316,85,"Ohio State","kaleb-wesson","https://www.sports-reference.com/cbb/players/kaleb-wesson-1.html","https://www.sports-reference.com/cbb/players/kaleb-wesson-1.html","Kaleb Wesson","        Forward  ","6-9, 270lb (206cm, 122kg) ","   Westerville, OH","   Westerville South High School","Ohio State"
2,"Kyle Young","SF","Massillon, OHJackson High School","6'7''",210,83,"Ohio State","kyle-young","https://www.sports-reference.com/cbb/players/kyle-young-1.html","https://www.sports-reference.com/cbb/players/kyle-young-3.html","Kyle Young","        Forward  ","6-8, 205lb (203cm, 92kg) ","   Canton, OH","   Jackson High School","Ohio State"
3,"Sterling Manley","C","Pickerington, OHPickerington Central High School","6'10''",220,77,"UNC","sterling-manley","https://www.sports-reference.com/cbb/players/sterling-manley-1.html","https://www.sports-reference.com/cbb/players/sterling-manley-1.html","Sterling Manley","        Forward  ","6-11, 235lb (211cm, 106kg) ","   Pickerington, OH","   Pickerington Central","UNC"
5,"Derek Koch","PF","West Salem, OHNorthwestern High School","6'8''",225,73,"Bowling Green","derek-koch","https://www.sports-reference.com/cbb/players/derek-koch-1.html","https://www.sports-reference.com/cbb/players/derek-koch-1.html","Derek Koch","        Forward  ","6-9, 260lb (206cm, 117kg) ","   West Salem, OH","   Northwestern High School","Bowling Green State"
6,"Caden Sanchez","C","Columbus, OHDeSales High School","6'8''",235,69,"High Point","caden-sanchez","https://www.sports-reference.com/cbb/players/caden-sanchez-1.html","https://www.sports-reference.com/cbb/players/caden-sanchez-1.html","Caden Sanchez","        Forward  ","6-8, 255lb (203cm, 115kg) ","   Columbus, OH","   St. Francis DeSales HS","High Point"
1,"Trae Young","PG","Norman, OKNorman North High School","6'2''",170,93,"Oklahoma","trae-young","https://www.sports-reference.com/cbb/players/trae-young-1.html","https://www.sports-reference.com/cbb/players/trae-young-1.html","Trae Young","        Guard  ","6-2, 180lb (188cm, 81kg) ","   Norman, OK","   Norman High School","Oklahoma"
2,"Elijah Landrum","PG","Tulsa, OKTulsa Central High School","6'0''",180,81,"SMU","elijah-landrum","https://www.sports-reference.com/cbb/players/elijah-landrum-1.html","https://www.sports-reference.com/cbb/players/elijah-landrum-1.html","Elijah Landrum","        Guard  ","6-0, 180lb (183cm, 81kg) ","   Tulsa, OK","   Central High School","SMU"
3,"Brady Manek","PF","Harrah, OKHarrah High School","6'9''",195,81,"Oklahoma","brady-manek","https://www.sports-reference.com/cbb/players/brady-manek-1.html","https://www.sports-reference.com/cbb/players/brady-manek-1.html","Brady Manek","        Forward  ","6-9, 222lb (206cm, 100kg) ","   Harrah, OK","   Harrah High School","Oklahoma"
4,"Curtis Haywood II","SF","Yukon, OKBrewster Academy","6'5''",180,80,"Georgia Tech","curtis-haywoodii","https://www.sports-reference.com/cbb/players/curtis-haywoodii-1.html","https://www.sports-reference.com/cbb/players/curtis-haywoodii-1.html","Curtis Haywood II","        Guard  ","6-5, 202lb (196cm, 91kg) ","   Oklahoma City, OK","   Brewster Academy","Georgia Tech"
5,"Ethan Chargois","C","Tulsa, OKUnion City High School","6'9''",235,78,"SMU","ethan-chargois","https://www.sports-reference.com/cbb/players/ethan-chargois-1.html","https://www.sports-reference.com/cbb/players/ethan-chargois-1.html","Ethan Chargois","        Forward  ","6-9, 235lb (206cm, 106kg) ","   Tulsa, OK","   Union High School","SMU"
6,"Marques Wilson","SG","Edmond, OKEdmond North High School","6'4''",NA,78,"Lehigh","marques-wilson","https://www.sports-reference.com/cbb/players/marques-wilson-1.html","https://www.sports-reference.com/cbb/players/marques-wilson-1.html","Marques Wilson","        Guard  ","6-4, 210lb (193cm, 95kg) ","   Edmond, OK","   Edmond North High School","Lehigh"
1,"Zach Reichle","SG","Wilsonville, ORWilsonville High School","6'5''",195,76,"Oregon State","zach-reichle","https://www.sports-reference.com/cbb/players/zach-reichle-1.html","https://www.sports-reference.com/cbb/players/zach-reichle-1.html","Zach Reichle","        Guard  ","6-5, 205lb (196cm, 92kg) ","   Wilsonville, OR","   Wilsonville High School","Oregon State"
3,"Isaac Bonton","PG","Portland, ORParkrose High School","6'2''",175,64,"Montana State","isaac-bonton","https://www.sports-reference.com/cbb/players/isaac-bonton-1.html","https://www.sports-reference.com/cbb/players/isaac-bonton-1.html","Isaac Bonton","        Guard  ","6-2, 175lb (188cm, 79kg) ","   Portland, OR","   Parkrose High School","Montana State"
1,"Lonnie Walker","SG","Reading, PAReading High School","6'4''",206,93,"Miami","lonnie-walker","https://www.sports-reference.com/cbb/players/lonnie-walker-1.html","https://www.sports-reference.com/cbb/players/lonnie-walker-2.html","Lonnie Walker","        Guard  ","6-4, 192lb (193cm, 87kg) ","   Reading, PA","   Reading High School","Miami (FL)"
2,"Quade Green","PG","Philadelphia, PANeumann-Goretti High School","6'1''",170,92,"Kentucky","quade-green","https://www.sports-reference.com/cbb/players/quade-green-1.html","https://www.sports-reference.com/cbb/players/quade-green-1.html","Quade Green","        Guard  ","6-0, 170lb (183cm, 77kg) ","   Philadelphia, PA","   Neumann-Goretti High School","Kentucky"
3,"David Beatty","SG","Philadelphia, PAImhotep Institute Charter High School","6'4''",200,81,"South Carolina","david-beatty","https://www.sports-reference.com/cbb/players/david-beatty-1.html","https://www.sports-reference.com/cbb/players/david-beatty-1.html","David Beatty","        Guard  ","6-2, 200lb (188cm, 90kg) ","   Philadelphia, PA","   Imhotep Charter School","Schools: South Carolina and La Salle"
4,"Dhamir Cosby-Roundtree","PF","Philadelphia, PANeumann-Goretti High School","6'9''",215,81,"Villanova","dhamir-cosby-roundtree","https://www.sports-reference.com/cbb/players/dhamir-cosby-roundtree-1.html","https://www.sports-reference.com/cbb/players/dhamir-cosby-roundtree-1.html","Dhamir Cosby-Roundtree","        Forward  ","6-9, 226lb (206cm, 102kg) ","   Philadelphia, PA","   Neumann-Goretti High School","Villanova"
6,"Eli Brooks","PG","Spring Grove, PASpring Grove Senior High School","6'1''",165,79,"Michigan","eli-brooks","https://www.sports-reference.com/cbb/players/eli-brooks-1.html","https://www.sports-reference.com/cbb/players/eli-brooks-1.html","Eli Brooks","        Guard  ","6-1, 185lb (185cm, 83kg) ","   Spring Grove, PA","   Spring Grove High School","Michigan"
9,"Izaiah Brockington","SG","Philadelphia, PAArchbishop Ryan High School","6'4''",170,73,"St. Bonaventure","izaiah-brockington","https://www.sports-reference.com/cbb/players/izaiah-brockington-1.html","https://www.sports-reference.com/cbb/players/izaiah-brockington-1.html","Izaiah Brockington","        Guard  ","6-4, 195lb (193cm, 88kg) ","   Philadelphia, PA","   Archbishop Ryan High School","Schools: St. Bonaventure and Penn State"
10,"Clifton Moore","PF","Horsham, PAHatboro Horsham High School","6'9''",188,74,"Indiana","clifton-moore","https://www.sports-reference.com/cbb/players/clifton-moore-1.html","https://www.sports-reference.com/cbb/players/clifton-moore-1.html","Clifton Moore","        Forward  ","6-10, 230lb (208cm, 104kg) ","   Ambler, PA","   Hatboro-Horsham","Indiana"
13,"Nelly Cummings","PG","Pittsburgh, PALincoln Park High School","6'0''",165,71,"Bowling Green","nelly-cummings","https://www.sports-reference.com/cbb/players/nelly-cummings-1.html","https://www.sports-reference.com/cbb/players/nelly-cummings-1.html","Nelly Cummings","        Guard  ","6-0, 180lb (183cm, 81kg) ","   Midland, PA","   Lincoln Park Performing Arts Charter School","Schools: Bowling Green State and Colgate"
16,"Kevin Anderson","SG","Williamsport, PASaint John Neumann High School","6'3''",170,64,"Delaware","kevin-anderson","https://www.sports-reference.com/cbb/players/kevin-anderson-1.html","https://www.sports-reference.com/cbb/players/kevin-anderson-6.html","Kevin Anderson","        Guard  ","6-5, 190lb (196cm, 86kg) ","   Williamsport, PA","   St. John Neumann High School","Delaware"
17,"Collin Gillespie","PG","Warminster, PAArchbishop Wood High School","6'2''",NA,75,"Villanova","collin-gillespie","https://www.sports-reference.com/cbb/players/collin-gillespie-1.html","https://www.sports-reference.com/cbb/players/collin-gillespie-1.html","Collin Gillespie","        Guard  ","6-3, 183lb (190cm, 83kg) ","   Warminster, PA","   Archbishop Wood High School","Villanova"
18,"Sukhmail Mathon","C","Dallas, PAProctor Academy","6'9''",220,64,"Boston U","sukhmail-mathon","https://www.sports-reference.com/cbb/players/sukhmail-mathon-1.html","https://www.sports-reference.com/cbb/players/sukhmail-mathon-1.html","Sukhmail Mathon","        Forward-Center  ","6-10, 225lb (208cm, 102kg) ","   Shavertown, PA","   Holderness School","Boston University"
20,"Sam Iorio","PF","Allentown, PAParkland High School","6'6''",220,61,"American","sam-iorio","https://www.sports-reference.com/cbb/players/sam-iorio-1.html","https://www.sports-reference.com/cbb/players/sam-iorio-2.html","Sam Iorio","        Forward  ","6-6, 230lb (198cm, 104kg) ","   Allentown, PA","   Parkland High School","American"
21,"Daeqwon Plowden","SF","Philadelphia, PAMastery Charter School","6'4''",NA,60,"Bowling Green","daeqwon-plowden","https://www.sports-reference.com/cbb/players/daeqwon-plowden-1.html","https://www.sports-reference.com/cbb/players/daeqwon-plowden-1.html","Daeqwon Plowden","        Guard  ","6-6, 210lb (198cm, 95kg) ","   Philadelphia, PA","   Mastery Charter School-Pickett Campus","Bowling Green State"
22,"David Kachelries","PG","Emmaus, PAEmmaus High School","6'1''",NA,60,"NJIT","david-kachelries","https://www.sports-reference.com/cbb/players/david-kachelries-1.html","https://www.sports-reference.com/cbb/players/david-kachelries-1.html","David Kachelries","        Guard  ","6-1, 160lb (185cm, 72kg) ","   Emmaus, PA","   Emmaus High School","NJIT"
23,"Jalen Gabbidon","SG","Harrisburg, PAGlenelg Country School","6'5''",185,58,"Yale","jalen-gabbidon","https://www.sports-reference.com/cbb/players/jalen-gabbidon-1.html","https://www.sports-reference.com/cbb/players/jalen-gabbidon-1.html","Jalen Gabbidon","        Guard  ","6-5, 190lb (196cm, 86kg) ","   Harrisburg, PA","   Glenelg Country School","Yale"
24,"Shawndale Jones","SG","Pittsburgh, PAKiski School","6'3''",NA,58,"NJIT","shawndale-jones","https://www.sports-reference.com/cbb/players/shawndale-jones-1.html","https://www.sports-reference.com/cbb/players/shawndale-jones-1.html","Shawndale Jones","        Guard  ","6-3, 185lb (190cm, 83kg) ","   Pittsburgh, PA","   The Kiski School","NJIT"
28,"Matt Faw","PF","King of Prussia, PAUpper Merion Area High School","6'7''",200,55,"Holy Cross","matt-faw","https://www.sports-reference.com/cbb/players/matt-faw-1.html","https://www.sports-reference.com/cbb/players/matt-faw-1.html","Matt Faw","        Forward  ","6-9, 223lb (206cm, 101kg) ","   King Of Prussia, PA","   Upper Merion Area High School","Holy Cross"
1,"Kimani Lawrence","SF","Providence, RINew Hampton School","6'5''",180,86,"Arizona State","kimani-lawrence","https://www.sports-reference.com/cbb/players/kimani-lawrence-1.html","https://www.sports-reference.com/cbb/players/kimani-lawrence-1.html","Kimani Lawrence","        Forward  ","6-7, 210lb (201cm, 95kg) ","   Providence, RI","   New Hampton School","Arizona State"
2,"Tomas Murphy","C","Wakefield, RINorthfield-Mt. Hermon School","6'8''",195,80,"Northeastern","tomas-murphy","https://www.sports-reference.com/cbb/players/tomas-murphy-1.html","https://www.sports-reference.com/cbb/players/tomas-murphy-1.html","Tomas Murphy","        Forward  ","6-8, 220lb (203cm, 99kg) ","   Wakefield, RI","   Northfield Mount Hermon School","Northeastern"
1,"Jalek Felton","SG","Mullins, SCGray Collegiate Academy","6'3''",180,91,"UNC","jalek-felton","https://www.sports-reference.com/cbb/players/jalek-felton-1.html","https://www.sports-reference.com/cbb/players/jalek-felton-1.html","Jalek Felton","        Guard  ","6-3, 190lb (190cm, 86kg) ","   West Columbia, SC","   Gray Collegiate Academy","UNC"
2,"Devontae Shuler","SG","Irmo, SCOak Hill Academy","6'3''",185,82,"Ole Miss","devontae-shuler","https://www.sports-reference.com/cbb/players/devontae-shuler-1.html","https://www.sports-reference.com/cbb/players/devontae-shuler-1.html","Devontae Shuler","        Guard  ","6-2, 192lb (188cm, 87kg) ","   Irmo, SC","   Oak Hill Academy","Ole Miss"
3,"Nicolas Claxton","PF","Greenville, SCLegacy Early College High School","6'10''",285,81,"Georgia","nicolas-claxton","https://www.sports-reference.com/cbb/players/nicolas-claxton-1.html","https://www.sports-reference.com/cbb/players/nicolas-claxton-1.html","Nicolas Claxton","        Forward  ","6-11, 220lb (211cm, 99kg) ","   Greenville, SC","   Legacy Charter School","Georgia"
1,"Isaiah Stokes","C","Memphis, TNIMG Academy","6'8''",273,85,"Florida","isaiah-stokes","https://www.sports-reference.com/cbb/players/isaiah-stokes-1.html","https://www.sports-reference.com/cbb/players/isaiah-stokes-1.html","Isaiah Stokes","        Forward  ","6-8, 270lb (203cm, 122kg) ","   Memphis, TN","   IMG Academy","Florida"
1,"Jarred Vanderbilt","PF","Houston, TXVictory Prep Academy","6'8''",200,93,"Kentucky","jarred-vanderbilt","https://www.sports-reference.com/cbb/players/jarred-vanderbilt-1.html","https://www.sports-reference.com/cbb/players/jarred-vanderbilt-1.html","Jarred Vanderbilt","        Forward  ","6-9, 214lb (206cm, 97kg) ","  High School: Victory Prep School","RSCI Top 100: 13 (2017)","Kentucky"
2,"Marcus Garrett","PG","Dallas, TXSkyline High School","6'5''",180,85,"Kansas","marcus-garrett","https://www.sports-reference.com/cbb/players/marcus-garrett-1.html","https://www.sports-reference.com/cbb/players/marcus-garrett-1.html","Marcus Garrett","        Guard  ","6-5, 195lb (196cm, 88kg) ","   Dallas, TX","   Skyline High School","Kansas"
3,"Savion Flagg","SF","Alvin, TXAlvin High School","6'7''",200,84,"Texas A&M","savion-flagg","https://www.sports-reference.com/cbb/players/savion-flagg-1.html","https://www.sports-reference.com/cbb/players/savion-flagg-1.html","Savion Flagg","        Guard  ","6-7, 217lb (201cm, 98kg) ","   Alvin, TX","   Alvin High School","Texas A&M"
4,"Royce Hamm","PF","Houston, TXAldine High School","6'8''",210,84,"Texas","royce-hamm","https://www.sports-reference.com/cbb/players/royce-hamm-1.html","https://www.sports-reference.com/cbb/players/royce-hammjr-1.html","Royce Hamm Jr.","        Forward  ","6-8, 240lb (203cm, 108kg) ","   Houston, TX","   Aldine Nimitz High School","Texas"
5,"Victor Bailey Jr.","SG","Austin, TXMcNeil High School","6'3''",175,83,"Oregon","victor-baileyjr","https://www.sports-reference.com/cbb/players/victor-baileyjr-1.html","https://www.sports-reference.com/cbb/players/victor-baileyjr-1.html","Victor Bailey Jr.","        Guard  ","6-4, 190lb (193cm, 86kg) ","   Austin, TX","   McNeil High School","Oregon"
6,"Fabian White","PF","Humble, TXAtascocita High School","6'7''",210,82,"Houston","fabian-white","https://www.sports-reference.com/cbb/players/fabian-white-1.html","https://www.sports-reference.com/cbb/players/fabian-whitejr-1.html","Fabian White Jr.","        Forward  ","6-7, 230lb (201cm, 104kg) ","   Atascocita, TX","   Atascocita High School","Houston"
7,"Isiah Jasey","C","Killeen, TXSunrise Christian Academy","6'9''",220,82,"Texas A&M","isiah-jasey","https://www.sports-reference.com/cbb/players/isiah-jasey-1.html","https://www.sports-reference.com/cbb/players/isiah-jasey-1.html","Isiah Jasey","        Forward  ","6-10, 246lb (208cm, 111kg) ","   Killeen, TX","   Sunrise Christian Academy","Texas A&M"
8,"Jase Febres","SG","Houston, TXWestfield High School","6'5''",210,82,"Texas","jase-febres","https://www.sports-reference.com/cbb/players/jase-febres-1.html","https://www.sports-reference.com/cbb/players/jase-febres-1.html","Jase Febres","        Guard  ","6-5, 190lb (196cm, 86kg) ","   Houston, TX","   Westfield High School","Texas"
9,"Kevin Samuel","C","Houston, TXRedemption Christian Homeschool Academy","6'10''",220,82,"TCU","kevin-samuel","https://www.sports-reference.com/cbb/players/kevin-samuel-1.html","https://www.sports-reference.com/cbb/players/kevin-samuel-3.html","Kevin Samuel","        Center  ","6-11, 250lb (211cm, 113kg) ","   Codrington Village, ","   Redemption Christian HS","TCU"
12,"T.J. Starks","PG","Lancaster, TXLancaster High School","6'2''",185,81,"Texas A&M","tj-starks","https://www.sports-reference.com/cbb/players/tj-starks-1.html","https://www.sports-reference.com/cbb/players/tj-starks-1.html","TJ Starks","        Guard  ","6-2, 196lb (188cm, 88kg) ","   Dallas, TX","   Lancaster High School","Texas A&M"
13,"R.J. Nembhard","PG","Keller, TXKeller High School","6'2''",175,80,"TCU","rj-nembhard","https://www.sports-reference.com/cbb/players/rj-nembhard-1.html","https://www.sports-reference.com/cbb/players/rj-nembhard-1.html","RJ Nembhard","        Guard  ","6-4, 195lb (193cm, 88kg) ","   Keller, TX","   Keller Central High School","TCU"
14,"Darius McNeill","PG","Houston, TXWestfield High School","6'3''",175,80,"California","darius-mcneill","https://www.sports-reference.com/cbb/players/darius-mcneill-1.html","https://www.sports-reference.com/cbb/players/darius-mcneill-1.html","Darius McNeill","        Guard  ","6-3, 182lb (190cm, 82kg) ","   Houston, TX","   Westfield High School","California"
16,"Tristan Clark","PF","San Antonio, TXKaren Wagner High School","6'8''",220,79,"Baylor","tristan-clark","https://www.sports-reference.com/cbb/players/tristan-clark-1.html","https://www.sports-reference.com/cbb/players/tristan-clark-1.html","Tristan Clark","        Forward  ","6-9, 240lb (206cm, 108kg) ","   San Antonio, TX","   Findlay College Prep","Baylor"
17,"Jarrett Culver","SG","Lubbock, TXCoronado High School","6'5''",185,79,"Texas Tech","jarrett-culver","https://www.sports-reference.com/cbb/players/jarrett-culver-1.html","https://www.sports-reference.com/cbb/players/jarrett-culver-1.html","Jarrett Culver","        Guard  ","6-5, 195lb (196cm, 88kg) ","   Lubbock, TX","   Coronado High School","Texas Tech"
18,"Marco Anthony","SG","San Antonio, TXHolmes High School","6'5''",200,79,"Virginia","marco-anthony","https://www.sports-reference.com/cbb/players/marco-anthony-1.html","https://www.sports-reference.com/cbb/players/marco-anthony-1.html","Marco Anthony","        Guard  ","6-4, 212lb (193cm, 96kg) ","   San Antonio, TX","   Oliver Wendell Holmes High School","Virginia"
19,"Maxwell Evans","PG","Houston, TXBellaire High School","6'1''",170,79,"Vanderbilt","maxwell-evans","https://www.sports-reference.com/cbb/players/maxwell-evans-1.html","https://www.sports-reference.com/cbb/players/maxwell-evans-1.html","Maxwell Evans","        Guard  ","6-2, 192lb (188cm, 87kg) ","   Houston, TX","   Bellaire High School","Vanderbilt"
20,"Trevor Moore","SF","Houston, TXSouth Kent School","6'5''",195,79,"Cincinnati","trevor-moore","https://www.sports-reference.com/cbb/players/trevor-moore-1.html","https://www.sports-reference.com/cbb/players/trevor-moore-1.html","Trevor Moore","        Guard  ","6-5, 195lb (196cm, 88kg) ","   Houston, TX","   South Kent School","Cincinnati"
24,"Chris Giles","PG","Plano, TXFindlay College Prep","6'3''",193,75,"Oklahoma","chris-giles","https://www.sports-reference.com/cbb/players/chris-giles-1.html","https://www.sports-reference.com/cbb/players/chris-giles-5.html","Chris Giles","        Guard  ","6-3, 193lb (190cm, 87kg) ","   Dallas, TX","   Findlay College Prep","Oklahoma"
1,"Matt Coleman","PG","Norfolk, VAOak Hill Academy","6'1''",174,89,"Texas","matt-coleman","https://www.sports-reference.com/cbb/players/matt-coleman-1.html","https://www.sports-reference.com/cbb/players/matt-coleman-3.html","Matt Coleman","        Guard  ","6-2, 180lb (188cm, 81kg) ","   Norfolk, VA","   Oak Hill Academy","Texas"
2,"Ejike Obinna","C","Ashburn, VAVirginia Academy","6'9''",230,82,"Vanderbilt","ejike-obinna","https://www.sports-reference.com/cbb/players/ejike-obinna-1.html","https://www.sports-reference.com/cbb/players/ejike-obinna-1.html","Ejike Obinna","        Forward  ","6-10, 234lb (208cm, 106kg) ","   Enugu, Nigeria","   Virginia Academy","Vanderbilt"
3,"Nate Watson","C","Arlington, VABishop O'Connell High School","6'8''",250,82,"Providence","nate-watson","https://www.sports-reference.com/cbb/players/nate-watson-1.html","https://www.sports-reference.com/cbb/players/nate-watson-1.html","Nate Watson","        Center  ","6-10, 250lb (208cm, 113kg) ","   Arlington, VA","   Bishop O'Connell High School","Providence"
4,"Aamir Simms","PF","Saint George, VABlue Ridge School","6'8''",200,82,"Clemson","aamir-simms","https://www.sports-reference.com/cbb/players/aamir-simms-1.html","https://www.sports-reference.com/cbb/players/aamir-simms-1.html","Aamir Simms","        Forward  ","6-7, 248lb (201cm, 112kg) ","   Palmyra, VA","   Blue Ridge High School","Clemson"
5,"Dajour Dickens","C","Hampton, VABethel High School","6'10''",205,76,"Providence","dajour-dickens","https://www.sports-reference.com/cbb/players/dajour-dickens-1.html","https://www.sports-reference.com/cbb/players/dajour-dickens-1.html","Dajour Dickens","        Forward-Center  ","7-0, 215lb (213cm, 97kg) ","   Hampton, VA","   Bethel High School","Schools: Providence and Old Dominion"
9,"Brendan Newton","C","Roanoke, VAFaith Christian School","7'2''",200,70,"Liberty","brendan-newton","https://www.sports-reference.com/cbb/players/brendan-newton-1.html","https://www.sports-reference.com/cbb/players/brendan-newton-1.html","Brendan Newton","        Center  ","7-2, 235lb (218cm, 106kg) ","   Roanoke, VA","   Faith Christian School","Liberty"
11,"Travis Ingram","SF","Chesapeake, VAI. C. Norcom High School","6'3''",165,67,"Towson","travis-ingram","https://www.sports-reference.com/cbb/players/travis-ingram-1.html","https://www.sports-reference.com/cbb/players/travis-ingram-1.html","Travis Ingram","        Guard  ","6-3, 177lb (190cm, 80kg) ","   Suffolk, VA","   I.C. Norcom High School","Towson"
13,"Chyree Walker","SF","Fairfax, VABullis School","6'4''",190,65,"Delaware","chyree-walker","https://www.sports-reference.com/cbb/players/chyree-walker-1.html","https://www.sports-reference.com/cbb/players/chyree-walker-1.html","Chyree Walker","        Forward  ","6-5, 195lb (196cm, 88kg) ","   Fairfax, VA","   Bullis Prep High School","Delaware"
15,"K.J. Davis","SF","Portsmouth, VAI. C. Norcom High School","6'6''",NA,64,"East Carolina","kj-davis","https://www.sports-reference.com/cbb/players/kj-davis-1.html","https://www.sports-reference.com/cbb/players/kj-davis-1.html","K.J. Davis","        Guard  ","6-5, 200lb (196cm, 90kg) ","   Portsmouth, VA","   I.C. Norcom High School","East Carolina"
16,"Kyle Copeland","SG","Leesburg, VAPhillips Exeter Academy","6'5''",170,60,"Holy Cross","kyle-copeland","https://www.sports-reference.com/cbb/players/kyle-copeland-1.html","https://www.sports-reference.com/cbb/players/kyle-copeland-1.html","Kyle Copeland","        Guard  ","6-4, 175lb (193cm, 79kg) ","   Leesburg, VA","   Phillips Exeter Academy","Holy Cross"
18,"Mastadi Pitt","PG","Hampton, VAHampton High School","6'0''",NA,58,"Norfolk State","mastadi-pitt","https://www.sports-reference.com/cbb/players/mastadi-pitt-1.html","https://www.sports-reference.com/cbb/players/mastadi-pitt-1.html","Mastadi Pitt","        Guard  ","6-1, 210lb (185cm, 95kg) ","   Hampton, VA","   Hampton High School","Norfolk State"
19,"George Mawanda-Kalema","SG","Alexandria, VAEpiscopal High School","6'2''",170,57,"Brown","george-mawanda-kalema","https://www.sports-reference.com/cbb/players/george-mawanda-kalema-1.html","https://www.sports-reference.com/cbb/players/george-mawanda-kalema-1.html","George Mawanda-Kalema","        Guard  ","6-3, 180lb (190cm, 81kg) ","   Burke, VA","   Episcopal School","Brown"
1,"Michael Porter Jr.","SF","Seattle, WANathan Hale High School","6'10''",215,97,"Missouri","michael-porterjr","https://www.sports-reference.com/cbb/players/michael-porterjr-1.html","https://www.sports-reference.com/cbb/players/michael-porterjr-1.html","Michael Porter Jr.","        Forward  ","6-10, 215lb (208cm, 97kg) ","   Columbia, MO","   Nathan Hale High School","Missouri"
2,"Jontay Porter","PF","Seattle, WANathan Hale High School","6'10''",240,92,"Missouri","jontay-porter","https://www.sports-reference.com/cbb/players/jontay-porter-1.html","https://www.sports-reference.com/cbb/players/jontay-porter-1.html","Jontay Porter","        Forward  ","6-11, 240lb (211cm, 108kg) ","   Columbia, MO","   Nathan Hale High School","Missouri"
3,"Jaylen Nowell","SG","Seattle, WAGarfield High School","6'5''",191,86,"Washington","jaylen-nowell","https://www.sports-reference.com/cbb/players/jaylen-nowell-1.html","https://www.sports-reference.com/cbb/players/jaylen-nowell-1.html","Jaylen Nowell","        Guard  ","6-4, 200lb (193cm, 90kg) ","   Seattle, WA","   Garfield High School","Washington"
4,"Daejon Davis","SG","Seattle, WAGarfield High School","6'4''",175,86,"Stanford","daejon-davis","https://www.sports-reference.com/cbb/players/daejon-davis-1.html","https://www.sports-reference.com/cbb/players/daejon-davis-1.html","Daejon Davis","        Guard  ","6-3, 185lb (190cm, 83kg) ","   Seattle, WA","   Garfield High School","Stanford"
5,"Corey Kispert","PF","Edmonds, WAKing's High School","6'8''",210,82,"Gonzaga","corey-kispert","https://www.sports-reference.com/cbb/players/corey-kispert-1.html","https://www.sports-reference.com/cbb/players/corey-kispert-1.html","Corey Kispert","        Forward  ","6-6, 215lb (198cm, 97kg) ","   Edmonds, WA","   King's Way Christian School","Gonzaga"
7,"Xavier Smith","SG","Seattle, WAO'Dea High School","6'4''",175,72,"Oregon State","xavier-smith","https://www.sports-reference.com/cbb/players/xavier-smith-1.html","https://www.sports-reference.com/cbb/players/xavier-smith-2.html","Xavier Smith","        Guard  ","6-4, 180lb (193cm, 81kg) ","   Seattle, WA","   O'Dea High School","Schools: Oregon State and Idaho"
1,"Chase Johnson","PF","Ripley, WVHuntington Prep","6'8''",210,83,"Florida","chase-johnson","https://www.sports-reference.com/cbb/players/chase-johnson-1.html","https://www.sports-reference.com/cbb/players/chase-johnson-1.html","Chase Johnson","        Forward  ","6-9, 219lb (206cm, 99kg) ","   Ripley, WV","   Huntington Prep","Florida"
1,"Jordan Poole","SG","Milwaukee, WILa Lumiere School","6'5''",185,86,"Michigan","jordan-poole","https://www.sports-reference.com/cbb/players/jordan-poole-1.html","https://www.sports-reference.com/cbb/players/jordan-poole-1.html","Jordan Poole","        Guard  ","6-5, 195lb (196cm, 88kg) ","   Milwaukee, WI","   La Lumiere School","Michigan"
2,"Terrence Lewis","SF","Milwaukee, WIRiverside University High School","6'5''",195,85,"Iowa State","terrence-lewis","https://www.sports-reference.com/cbb/players/terrence-lewis-1.html","https://www.sports-reference.com/cbb/players/terrence-lewis-2.html","Terrence Lewis","        Guard  ","6-6, 203lb (198cm, 92kg) ","   Milwaukee, WI","   Riverside High School","Iowa State"
3,"Kobe King","SG","La Crosse, WILa Crosse Central High School","6'2''",175,81,"Wisconsin","kobe-king","https://www.sports-reference.com/cbb/players/kobe-king-1.html","https://www.sports-reference.com/cbb/players/kobe-king-1.html","Kobe King","        Guard  ","6-4, 203lb (193cm, 92kg) ","   La Crosse, WI","   Central High School","Wisconsin"
